filename,Jenis_Sampah,Dapat_Diurai
botol_minum-30-_jpg.rf.ed5d200a9335fab0448f4094f50a35d8.jpg,anorganik,0
daun-7-_jpg.rf.f0aedd141f0c549951166d4545563663.jpg,organik,1
botol_minum-35-_jpg.rf.f13478ed770d054197cbad4699b5123e.jpg,anorganik,0
tissue-14-_jpg.rf.f28a6c227e6c832be9dffa2792d7ecd7.jpg,organik,1
kardus-33-_jpg.rf.f20f3d10a100662c194b25aa31c50048.jpg,organik,1
kertas-24-_jpg.rf.ee98b14ff0c5b5bd0607a170c53b86b4.jpg,organik,1
kayu-12-_jpg.rf.efd052f07c12d735762f8e18ec3a62e8.jpg,organik,1
bungkus_makanan-40-_jpg.rf.f0873fa453e0c97407e61a3e4f564589.jpg,anorganik,0
kaca-16-_jpg.rf.f1cc060d198522f4f8e889e94e762ac1.jpg,anorganik,0
kertas-23-_jpg.rf.f1c58558449e06d6e9d11d0f030e197f.jpg,organik,1
baja-18-_jpg.rf.f02aaa19319bb45d50701f2e2d9cf0b4.jpg,anorganik,0
daun-7-_jpg.rf.edd2232bfd92d572111ea5280c8485fc.jpg,organik,1
kertas-28-_jpg.rf.ef396548c5e532a4bb090753f99ae3b6.jpg,organik,1
bungkus_makanan-31-_jpg.rf.ed7f4f3f3f168461d59da79d9e9f125f.jpg,anorganik,0
botol_minum-18-_jpg.rf.f25ff1119eae135670ef15699f0396d0.jpg,anorganik,0
kayu-43-_jpg.rf.efbd7afd84816b18a9a86e1346ac902e.jpg,organik,1
bungkus_makanan-23-_jpg.rf.f0082928f0a0f53686a7d7dbcf4c9cc5.jpg,anorganik,0
kertas-5-_jpg.rf.ef246aa222f5edb47d36114e512bce9a.jpg,organik,1
kardus-36-_jpg.rf.ed9e7cdab225655202c11a23a9d085ab.jpg,organik,1
kertas-30-_jpg.rf.ee9c6812a80ad090d03a8648f56c8b64.jpg,organik,1
baja-37-_jpg.rf.f03c25548d951dd4731cdf28132aebb3.jpg,anorganik,0
daun-25-_jpg.rf.ef914a44ddff97ef027eed5fc526f1a2.jpg,organik,1
baja-33-_jpg.rf.efb1a6df7ceb3ad8ac7b4b0ac1f098dc.jpg,anorganik,0
kaleng-31-_jpg.rf.ed980d839b9ca451cb3f6dbd1567c3c8.jpg,anorganik,0
bungkus_makanan-6-_jpg.rf.f053780da1bce1794895ca6fc1f07520.jpg,anorganik,0
bungkus_makanan-6-_jpg.rf.f2dd3005188fd655afdbc67c4994d23a.jpg,anorganik,0
baja-24-_jpg.rf.f30aaf0381531541621a456801852d45.jpg,anorganik,0
kardus-35-_jpg.rf.f2f044083d0652b93d0fb60da799e581.jpg,organik,1
kardus-36-_jpg.rf.f31c0b91aec1dba7e188c4fa491782a6.jpg,organik,1
kaleng-26-_jpg.rf.f417ee35f5263cce687e9bf1576539b6.jpg,anorganik,0
kaca-6-_jpg.rf.f3a69dd28798700236f0ca0e3ce65426.jpg,anorganik,0
kaleng-12-_jpg.rf.f44e2825be6826bb70dddd1d2076d075.jpg,anorganik,0
kaca-45-_jpg.rf.f411b688d5684346aebfb1bd3379c442.jpg,anorganik,0
tissue-28-_jpg.rf.f536e628c95a6a45c7be7f67453abb8f.jpg,organik,1
kayu-36-_jpg.rf.f45ebb86dd5e29af1dbe5b144e7f3c92.jpg,organik,1
baja-10-_jpg.rf.f5503aeaa2c0e54d3f93dac14b87fc93.jpg,anorganik,0
kardus-19-_jpg.rf.f4a3ae7fcdc4f42647fb2a14101dc6c5.jpg,organik,1
kaca-30-_jpg.rf.f552200a6022b1488dbef3ea9492cd37.jpg,anorganik,0
botol_minum-39-_jpg.rf.f650cc7b60801ed87c35480f5a115587.jpg,anorganik,0
kaleng-12-_jpg.rf.f758ce8488df1146c72a5481ba735cc3.jpg,anorganik,0
bungkus_makanan-38-_jpg.rf.f7fe14a253099e8d37ff08016cc8fd9a.jpg,anorganik,0
tissue-5-_jpg.rf.f773aa85207760098a2aed047b4aa396.jpg,organik,1
kaleng-40-_jpg.rf.f8384dabeec094c9af2e340c70e072fe.jpg,anorganik,0
kardus-38-_jpg.rf.f81131cd9569f7a0b76cd2ce2836ec62.jpg,organik,1
bungkus_makanan-9-_jpg.rf.f627857ad71abf97844144dac60cc11c.jpg,anorganik,0
kertas-6-_jpg.rf.f7dc02215931bc26890a84c54fd834c4.jpg,organik,1
daun-42-_jpg.rf.f8f73c47895000bdc52d80bbf4471251.jpg,organik,1
baja-28-_jpg.rf.f8503508c28efaec065c66293cc2cf0d.jpg,anorganik,0
kertas-30-_jpg.rf.f89ed91559a98ef1fedb8066b5315e9a.jpg,organik,1
baja-44-_jpg.rf.f8f9cc19b47dde7d3a3c2c296247e393.jpg,anorganik,0
kardus-24-_jpg.rf.f911f39f86ebf79a49e6c9256bc8f835.jpg,organik,1
baja-31-_jpg.rf.f91e9cf7c2a6b08eda0c325b24373b63.jpg,anorganik,0
daun-40-_jpg.rf.f90cebe16713e0a3bc4e5b2948d6d508.jpg,organik,1
tissue-37-_jpg.rf.f98370a105d2b1b0774646b9b2b922e1.jpg,organik,1
kaleng-17-_jpg.rf.f97bb0e3fdd938a98a3aae8f8ba20140.jpg,anorganik,0
kertas-10-_jpg.rf.f9a2e1177411f3b8fd8d71e0b4431af4.jpg,organik,1
botol_minum-24-_jpg.rf.f97a7b05f0f8cd40dff4b04baba1ffd5.jpg,anorganik,0
tissue-44-_jpg.rf.f9e3b3a11cea7589a2855278e7a4d198.jpg,organik,1
bungkus_makanan-5-_jpg.rf.fa30dde969add681b66b5d933df8df33.jpg,anorganik,0
bungkus_makanan-4-_jpg.rf.fae162c45bd97609ce77f5bb5acf915a.jpg,anorganik,0
kardus-24-_jpg.rf.faf11bbd17cad6c5c7bf691738f42233.jpg,organik,1
kaleng-33-_jpg.rf.fb0e2f470c2bcca84e4887f364e1e6e6.jpg,anorganik,0
kertas-39-_jpg.rf.fb8e28cac66b6391b3c3f7b1d231ac59.jpg,organik,1
bungkus_makanan-31-_jpg.rf.fb7e602c792bd30fc3d97dd9a3a2edd0.jpg,anorganik,0
bungkus_makanan-27-_jpg.rf.fba4bc1586faec2390f76c0d0e750c23.jpg,anorganik,0
botol_minum-1-_jpg.rf.fbb5a8e1970945ca93a0a491adf9b1c1.jpg,anorganik,0
kayu-23-_jpg.rf.fcbb52634b5fb3e9dbfbcffe6395a694.jpg,organik,1
kaleng-4-_jpg.rf.fc55f867c2f981d7895fd9b116baad6d.jpg,anorganik,0
bungkus_makanan-35-_jpg.rf.fb3fb76b5a317288f179fcd7482aee3f.jpg,anorganik,0
tissue-50-_jpg.rf.fbab454c9ede43e679005cb64124bce2.jpg,organik,1
botol_minum-5-_jpg.rf.fc8754ed41ab907dd55e934f09612a4b.jpg,anorganik,0
botol_minum-20-_jpg.rf.fcfde17e0f646522a6620678a35669f7.jpg,anorganik,0
daun-46-_jpg.rf.fcce5775b8711feb88ce783405379ed6.jpg,organik,1
kardus-43-_jpg.rf.fd39fca27b68bf683e02dcc3c447e3a3.jpg,organik,1
botol_minum-48-_jpg.rf.fde8b935086818f3b5dc906f03a67f9e.jpg,anorganik,0
kayu-17-_jpg.rf.fcf4eb3e227db137d824c957d1f2db45.jpg,organik,1
bungkus_makanan-14-_jpg.rf.fea38f74754012b896c0175c31c1b7f6.jpg,anorganik,0
tissue-49-_jpg.rf.fda7211bce453ad960f5f3632bc7095a.jpg,organik,1
tissue-4-_jpg.rf.fecd5422acd60920ed81be4c537de75e.jpg,organik,1
kayu-32-_jpg.rf.ff4bd6800e5904101cef871c174414a2.jpg,organik,1
kertas-23-_jpg.rf.ffa526fbdeba09687cacd71c2969af8e.jpg,organik,1
botol_minum-30-_jpg.rf.ff883eea7ceb5d98720b81249d3204f0.jpg,anorganik,0
kertas-2-_jpg.rf.ffb5757f9af8ba11de8decc9c613c794.jpg,organik,1
kaleng-19-_jpg.rf.fda3f051ad421b1b5c51b3d1a6c1b97d.jpg,anorganik,0
kardus-8-_jpg.rf.34a2dd22569513e0a24e76072a40c861.jpg,organik,1
bungkus_makanan-18-_jpg.rf.353ee3302dd4f1a0a02468e4924b5b4b.jpg,anorganik,0
kaca-49-_jpg.rf.33ba383e50d9a4a16a1d74618828ddb0.jpg,anorganik,0
bungkus_makanan-15-_jpg.rf.3684468d9c1fa4bb97fa4e10c85bd02e.jpg,anorganik,0
daun-4-_jpg.rf.3670e797877c1e960247a551eceeea3e.jpg,organik,1
kaca-50-_jpg.rf.35d59238a4e8ddd9ddfe8acaf8c615d4.jpg,anorganik,0
kaleng-20-_jpg.rf.381076fb68ad97a7fdb0d3ebb55a7e5f.jpg,anorganik,0
baja-43-_jpg.rf.3101f65153922aa69261f5ce2b53e830.jpg,anorganik,0
botol_minum-37-_jpg.rf.35527f0d9479e0356528786736747231.jpg,anorganik,0
kaca-15-_jpg.rf.38454dad1c4f70dda1b5d0b9013b9a26.jpg,anorganik,0
kayu-11-_jpg.rf.31cae5244fb3a09483d26a2464e226c4.jpg,organik,1
botol_minum-50-_jpg.rf.31dad3533b7dd1fea0e78f6f51bae0fd.jpg,anorganik,0
bungkus_makanan-19-_jpg.rf.33a10891646813d02f1ded292ce2eb5d.jpg,anorganik,0
daun-28-_jpg.rf.3564b08a4c6202b112757b6db2bff107.jpg,organik,1
botol_minum-35-_jpg.rf.33ec49440ac22ed15e9fac07de70b29d.jpg,anorganik,0
baja-43-_jpg.rf.323b5d3967819fb408b356a5b03b5249.jpg,anorganik,0
kertas-12-_jpg.rf.32882520e45d54eadfe7f0ce8d5f06a3.jpg,organik,1
kaca-37-_jpg.rf.31a058e663ffaff3003b95b6ea1e4a02.jpg,anorganik,0
kertas-29-_jpg.rf.359895001705ce9c41f8b4589f26fb47.jpg,organik,1
bungkus_makanan-47-_jpg.rf.35b330c9cbe35a2ae469a097ea57618e.jpg,anorganik,0
kaleng-29-_jpg.rf.3439128bc5e2dd753caf1b6278573390.jpg,anorganik,0
daun-39-_jpg.rf.3159f78ba854ee51c94e433e804698b7.jpg,organik,1
botol_minum-1-_jpg.rf.33430df1d6f68095a27f7e8cdfcac761.jpg,anorganik,0
kaleng-7-_jpg.rf.374b8e4eb5fc9c4e8a5ef0745c93b125.jpg,anorganik,0
daun-13-_jpg.rf.32bcebfc91f9e90401aa3993e52f9e28.jpg,organik,1
kayu-4-_jpg.rf.387f8fe3f773ac34f7802a44e473185e.jpg,organik,1
kayu-33-_jpg.rf.392bca76a9719fec84c616a6689fc9a3.jpg,organik,1
botol_minum-15-_jpg.rf.397a50a57d4d30eac5cf320be0f79d74.jpg,anorganik,0
kertas-5-_jpg.rf.384edc8e06ccf065f542fed498a0b777.jpg,organik,1
baja-35-_jpg.rf.3a396e67422a92eddf1e1fbdcc229d22.jpg,anorganik,0
kaca-13-_jpg.rf.3aaa840c43df19ef84ba79c5cc3ab4f3.jpg,anorganik,0
bungkus_makanan-30-_jpg.rf.39287f2cb10183f52cea713bc1a682ee.jpg,anorganik,0
kardus-14-_jpg.rf.3a8e5fa400c18aaf990d9644048331d9.jpg,organik,1
kaleng-44-_jpg.rf.3ac156b842d9673a89756ecf0fc9a914.jpg,anorganik,0
kardus-20-_jpg.rf.3be2827baa5a3edd94191ff0afa3340b.jpg,organik,1
bungkus_makanan-44-_jpg.rf.3c260e5b5a16ff512613e71f68d07c06.jpg,anorganik,0
kaca-43-_jpg.rf.3b3041b6822ed3e64d7e28fdd815371f.jpg,anorganik,0
baja-16-_jpg.rf.3c3fd7ee9788ba0404b50e40555799a3.jpg,anorganik,0
botol_minum-24-_jpg.rf.3c80ee19215c44e68f566da8ed56ac57.jpg,anorganik,0
kardus-12-_jpg.rf.3c566fdc61d1b20547821235f44f3a89.jpg,organik,1
kayu-37-_jpg.rf.3c3689af65fbdecb39a50412388a940b.jpg,organik,1
bungkus_makanan-15-_jpg.rf.3d1dddf8abae9c5c3806fe27f8e6abf2.jpg,anorganik,0
kaleng-14-_jpg.rf.3d707d4c16abb87f2cf4cc8b9ffb7b6d.jpg,anorganik,0
baja-45-_jpg.rf.3d89f0b7ecc36ed52b60a9bd5fb87dc6.jpg,anorganik,0
kardus-7-_jpg.rf.3c9fd0d6a7592e18e76e1053b343f5ac.jpg,organik,1
baja-8-_jpg.rf.3c82e8e1c04916dd00873426a1597808.jpg,anorganik,0
kardus-4-_jpg.rf.3dae8f3e14742b607966ffd15a944379.jpg,organik,1
tissue-50-_jpg.rf.3dda03b290cca79e0f1203223abbccb9.jpg,organik,1
kertas-35-_jpg.rf.3e06ebacf6ce22ff9c51b718fa867135.jpg,organik,1
kaleng-50-_jpg.rf.3e7ddd0f822d96df70c0e05aaab3d09d.jpg,anorganik,0
kayu-43-_jpg.rf.3dad9f66f66218593fc608cdf907f3bb.jpg,organik,1
kaleng-36-_jpg.rf.3f2a85bde349d5aa5f977a8b57155569.jpg,anorganik,0
kayu-14-_jpg.rf.3e2fd79a4443319a53e3e4cea12837a2.jpg,organik,1
botol_minum-45-_jpg.rf.3f965b9d1a0270488a9a9bae18e87679.jpg,anorganik,0
kayu-48-_jpg.rf.3e35e959dedf028bf4a29794cc11a615.jpg,organik,1
kaca-19-_jpg.rf.3f3a4b907b8fc1b370b94b606c87105e.jpg,anorganik,0
kayu-49-_jpg.rf.4064335a8bd2121246a6e0090e6f9ecc.jpg,organik,1
kaleng-26-_jpg.rf.3fad5be890c49ffd5dbf3262f5a8e0ba.jpg,anorganik,0
kaleng-24-_jpg.rf.3fb06682318bbd7cec8aac6195019dac.jpg,anorganik,0
tissue-46-_jpg.rf.3f239e0d55dadb7f5f235b9889c895c0.jpg,organik,1
kertas-31-_jpg.rf.40171a69aa86fd3a37b998cdf9dfc8ca.jpg,organik,1
tissue-5-_jpg.rf.410386329745bb6c5cb4e38dea496f29.jpg,organik,1
kertas-47-_jpg.rf.409ebbba8db1b7a52c1ba8073148ce23.jpg,organik,1
kayu-2-_jpg.rf.40a93717e437ebb750969b637fcfc875.jpg,organik,1
bungkus_makanan-5-_jpg.rf.41ac34ea7ea0009571fe9d6a53915bac.jpg,anorganik,0
daun-27-_jpg.rf.41e2aeb5a024418b2555788d7f965421.jpg,organik,1
bungkus_makanan-35-_jpg.rf.420382918e1b72eb7db8e578521dacca.jpg,anorganik,0
kaleng-41-_jpg.rf.4144e475f5048c116bb75ba26265550e.jpg,anorganik,0
kayu-33-_jpg.rf.421c6e761f11f57fdd16abe6687703d3.jpg,organik,1
kaca-27-_jpg.rf.42efcfe2ed21bd5ca881b806a581aaa1.jpg,anorganik,0
kaleng-47-_jpg.rf.4333ab7e873079c4b85ff7f8799a8bf4.jpg,anorganik,0
kaca-50-_jpg.rf.431ec9784240ac7e4b48418e780c3fdf.jpg,anorganik,0
baja-42-_jpg.rf.408e7387a0fc6097b6505af7cfcb8214.jpg,anorganik,0
baja-30-_jpg.rf.43cd6b40ccf7f1c77c9a2a3908c96f9b.jpg,anorganik,0
kardus-45-_jpg.rf.43f85b1a61174a69447a27277efb43d1.jpg,organik,1
kertas-27-_jpg.rf.461c89e6fcada5fe03fea8922439a10a.jpg,organik,1
tissue-24-_jpg.rf.452d91cd2a37579f09a6dd990ce0a54b.jpg,organik,1
kayu-20-_jpg.rf.456e2bc436ed1156ceae203fc558073f.jpg,organik,1
kaleng-8-_jpg.rf.47c3aa43cdd3bbdf4cbbc96536592906.jpg,anorganik,0
baja-47-_jpg.rf.45425dc7e82f6a8f2f806e507af77496.jpg,anorganik,0
kertas-23-_jpg.rf.4690700da28bab90c956cd94fcf4b5ec.jpg,organik,1
kayu-19-_jpg.rf.4711c797c6652225165d0655d39de83e.jpg,organik,1
kaleng-20-_jpg.rf.4821000cd7014693c3ad04ff316f53ab.jpg,anorganik,0
kardus-29-_jpg.rf.482d48d851d4da183ac50fc5427b0f90.jpg,organik,1
kaleng-31-_jpg.rf.47f3a81e62472cc4ae56c976e01f4de6.jpg,anorganik,0
kertas-18-_jpg.rf.48e0d5cb1b4aeea0b84d09e7e7f53cef.jpg,organik,1
kayu-40-_jpg.rf.48de5dc2c97138d105051b5eabcc1a11.jpg,organik,1
kayu-15-_jpg.rf.4782690f703a6e510fd6db4cb3abef36.jpg,organik,1
botol_minum-6-_jpg.rf.48dff5f030b84da2bd18a352f7ecf35e.jpg,anorganik,0
baja-19-_jpg.rf.4967ac70ad08f6da18148639bfd8c520.jpg,anorganik,0
kaca-26-_jpg.rf.4884d00d48f3453ebe7bdda0286dc402.jpg,anorganik,0
daun-48-_jpg.rf.48eb9db26c805bbf473dc076f6961b42.jpg,organik,1
bungkus_makanan-8-_jpg.rf.4937b1ec00518f4233e4036c06892470.jpg,anorganik,0
kaleng-15-_jpg.rf.48ed66b4353ecc15a283743113ef0644.jpg,anorganik,0
kardus-30-_jpg.rf.49a34658a977d3e47dd26e50d0304047.jpg,organik,1
tissue-15-_jpg.rf.4a9b6d87c5727a09db6fc3c4ec6ef922.jpg,organik,1
botol_minum-23-_jpg.rf.49e651bb5105decfa4d982ab601de1f3.jpg,anorganik,0
botol_minum-48-_jpg.rf.4b3757fbe14f5cfde0797696abf8317f.jpg,anorganik,0
kaleng-43-_jpg.rf.4aa6c3f36d5a47ad8713f02e39d90255.jpg,anorganik,0
botol_minum-44-_jpg.rf.4a894703cbf027aadc534c032469ad6c.jpg,anorganik,0
bungkus_makanan-19-_jpg.rf.4d36777966d4da62618ced7abc7b3d9a.jpg,anorganik,0
baja-39-_jpg.rf.4b1d2f43321d081815f6d716eee313cf.jpg,anorganik,0
kaca-23-_jpg.rf.4d388b8c0403439be5699713f388721d.jpg,anorganik,0
kaleng-33-_jpg.rf.4d594e099ceac040068bed8055db9d7c.jpg,anorganik,0
kertas-6-_jpg.rf.4db1f8c60c69854b466a900bccfcf018.jpg,organik,1
kaleng-50-_jpg.rf.4e4b1bcf960c8c013b4a18c2599a5707.jpg,anorganik,0
kaca-29-_jpg.rf.4f5301d8364d25197963312d30c68195.jpg,anorganik,0
tissue-44-_jpg.rf.4ca67db9bfbd14aec52c1702e6ee6dbb.jpg,organik,1
baja-40-_jpg.rf.4f2e5a5ae64b48eca26a9e2176cd01ab.jpg,anorganik,0
kaca-47-_jpg.rf.4e08a3a83a0333d3e5c8897af827e90c.jpg,anorganik,0
baja-16-_jpg.rf.4f023fe7c64adec2962e5dd33646f3ec.jpg,anorganik,0
botol_minum-37-_jpg.rf.4b6888f9f7947d92e4bb14df5f49bf97.jpg,anorganik,0
kertas-38-_jpg.rf.4eeabfd64500fb2971f7e281274937dc.jpg,organik,1
baja-2-_jpg.rf.4ffd1f0b46ef7b0aaf0d2f5f99986ea8.jpg,anorganik,0
daun-43-_jpg.rf.501e1bd1c8dba97f307868e44f6088eb.jpg,organik,1
kayu-8-_jpg.rf.4fc40285720412fb30c7557efdae8d45.jpg,organik,1
kardus-32-_jpg.rf.50a5ce0429854c959b8fdb8b293f22ba.jpg,organik,1
baja-23-_jpg.rf.50a6adeb69162a98c36c03cd0f8b1a1b.jpg,anorganik,0
botol_minum-27-_jpg.rf.4f79c4c87dbba25023f08bd1e7df6a29.jpg,anorganik,0
kardus-38-_jpg.rf.507b9a3e7a870ebee68b9c1e472311f5.jpg,organik,1
kaca-11-_jpg.rf.5129a12af135f71c428855225c6b5606.jpg,anorganik,0
daun-6-_jpg.rf.5078feda3a1408f746f29c9a03bd7010.jpg,organik,1
kardus-26-_jpg.rf.50c79d81a6d11dc6a008e61ec48607d3.jpg,organik,1
kayu-30-_jpg.rf.5191f1c0b2bf9fb5427a2d57652ba18a.jpg,organik,1
kardus-45-_jpg.rf.510d4fc46a6c5e69e1dabc76e08508b3.jpg,organik,1
baja-28-_jpg.rf.51c1b16c356965a65a638384d2c5ac33.jpg,anorganik,0
kertas-4-_jpg.rf.519fe0618d601862936d0c08d7e63c13.jpg,organik,1
kaleng-36-_jpg.rf.51c6cdf81d6cbf7c60382723cc67a924.jpg,anorganik,0
tissue-13-_jpg.rf.53c2c81c10ed1e73116159cb9d908186.jpg,organik,1
botol_minum-7-_jpg.rf.52281a90b064139f30d9c3708f51be1c.jpg,anorganik,0
kayu-23-_jpg.rf.514b880884192535d9d00762168d2ad1.jpg,organik,1
daun-9-_jpg.rf.54d5574af7d4de5cf4fe832c50e8b2c5.jpg,organik,1
botol_minum-8-_jpg.rf.549694d20f1262878347fe31e1348587.jpg,anorganik,0
bungkus_makanan-45-_jpg.rf.515dbfdcc99ab44f9e1e2541fc8a81d1.jpg,anorganik,0
tissue-24-_jpg.rf.554d216cb4984cb14f8351dd33e733c6.jpg,organik,1
kaca-29-_jpg.rf.544ed62165c47ba6f5f897845c813e08.jpg,anorganik,0
baja-28-_jpg.rf.5569db5754d89ac122566860c0714aab.jpg,anorganik,0
kayu-1-_jpg.rf.555119b4141f789617c4fa9835c76c3a.jpg,organik,1
botol_minum-20-_jpg.rf.5364372b0c259a5759d258cc67de57dc.jpg,anorganik,0
kaca-26-_jpg.rf.556e2fe1f30a97e74f4d67063a1c07c7.jpg,anorganik,0
kaleng-48-_jpg.rf.53dd2c7ac2f4715593966f7fcf4164e6.jpg,anorganik,0
botol_minum-3-_jpg.rf.5630dcb149431274bf115eec0cae728e.jpg,anorganik,0
kaca-33-_jpg.rf.542cde551a7037b20b8e84f33fcba675.jpg,anorganik,0
daun-30-_jpg.rf.55b892a941c9d41f74dcbadf81143217.jpg,organik,1
tissue-14-_jpg.rf.569d226b955bf8d00b8d2209e63a6d87.jpg,organik,1
kaca-22-_jpg.rf.56f743d49c2cd47800092619eb424eb0.jpg,anorganik,0
kaca-10-_jpg.rf.56e9873fda8402a89b2809d3bbe0e7e3.jpg,anorganik,0
kayu-42-_jpg.rf.55fc47a80f7df9ef8229ea09aa85311d.jpg,organik,1
kardus-14-_jpg.rf.5770b3c8e9c64627097afd74d9f30445.jpg,organik,1
tissue-6-_jpg.rf.5689f5b8e56385c81a4f82bca5aae8de.jpg,organik,1
bungkus_makanan-18-_jpg.rf.57799a4a04f3b37df5e27b5d66fe2e39.jpg,anorganik,0
botol_minum-7-_jpg.rf.5791a3b6cd125598da9888d093b686b9.jpg,anorganik,0
bungkus_makanan-28-_jpg.rf.57892fb1c1094155a0c477d0d930cb65.jpg,anorganik,0
bungkus_makanan-47-_jpg.rf.5a30df1566eb0b9b267ee5b3d20a714d.jpg,anorganik,0
tissue-12-_jpg.rf.57a8e290f24938c293607143b4ffbdd0.jpg,organik,1
baja-8-_jpg.rf.59ca8c53815cc361121e68108e4e8a9c.jpg,anorganik,0
kaca-42-_jpg.rf.5a375d003824f2bfc3e4dadaf38fd6ae.jpg,anorganik,0
bungkus_makanan-24-_jpg.rf.5884aba081e265054ce515300bdf5c9d.jpg,anorganik,0
kardus-44-_jpg.rf.58d276e7065f25ebe0cac546dc62f1f2.jpg,organik,1
botol_minum-3-_jpg.rf.59fc918450e6efd1110e2479333e5a71.jpg,anorganik,0
kaleng-29-_jpg.rf.5a5fdee0f65f9ca9d1c30cda443e2cc6.jpg,anorganik,0
daun-25-_jpg.rf.5b07bd356c1bf9cd90fc0600833f03c1.jpg,organik,1
kaleng-23-_jpg.rf.5a472d0e8ecc0e508a89c544ea45063b.jpg,anorganik,0
kardus-18-_jpg.rf.5ac1b387c17523b8ee9d2407b3abd244.jpg,organik,1
kayu-29-_jpg.rf.5a494877f454598ffc2516a74140039a.jpg,organik,1
kertas-46-_jpg.rf.5b305c2ac75ca15e205ecabea4db5a12.jpg,organik,1
baja-40-_jpg.rf.5b462f783bf2aa56cdbbc5b6624d3fa2.jpg,anorganik,0
bungkus_makanan-3-_jpg.rf.5b39d42bcd64a4f22aa68884b5dc71bd.jpg,anorganik,0
tissue-47-_jpg.rf.5b7a8acc93ef260417c891ca7b4d961b.jpg,organik,1
daun-5-_jpg.rf.5b90c4dec5734efa7eaa960f22c2adeb.jpg,organik,1
kayu-48-_jpg.rf.5ca56bf011043b0a6faca05a659caf3c.jpg,organik,1
kertas-2-_jpg.rf.5bdf8e4b82a21ebf19e3283ba41e1d89.jpg,organik,1
daun-26-_jpg.rf.5b9f32d42cd008f7630329f2eabcdeae.jpg,organik,1
tissue-48-_jpg.rf.5c1df7ec57803d3824ea9dc917b18431.jpg,organik,1
kertas-27-_jpg.rf.5ba5c43beab2c15b9a86eaa782ab3f67.jpg,organik,1
kertas-8-_jpg.rf.5ccedfeb64f18955456848901ee21f3f.jpg,organik,1
bungkus_makanan-24-_jpg.rf.5d37135f58a4d459f7bdd5159c7a608b.jpg,anorganik,0
kayu-45-_jpg.rf.5db4721bb9f2af149baf16317f59b2b3.jpg,organik,1
kaleng-42-_jpg.rf.5c00fabd841b1843e5d61dad88b5122c.jpg,anorganik,0
kaca-22-_jpg.rf.5dbcbab12ca477910324462afe0df387.jpg,anorganik,0
bungkus_makanan-9-_jpg.rf.5d5b3f04612356c09cf7af7e15e7005c.jpg,anorganik,0
tissue-49-_jpg.rf.5e467566b7ef42dd91c05e1cd44013fa.jpg,organik,1
baja-47-_jpg.rf.5f164a092688e99e273efba69bd5289e.jpg,anorganik,0
botol_minum-9-_jpg.rf.5ea1d45dcc48e40422938223f1cc749e.jpg,anorganik,0
baja-8-_jpg.rf.5f4606d3eeffa12f6fcd06118c7c6436.jpg,anorganik,0
baja-47-_jpg.rf.5f9b18684a698683d1722686ffeca189.jpg,anorganik,0
kertas-47-_jpg.rf.5fad6ad32b73a37e58c4dff62ed8c11a.jpg,organik,1
kardus-34-_jpg.rf.5ff51e8ebfc8e825c54e88c02c0eaa78.jpg,organik,1
kayu-48-_jpg.rf.600baadd0a2ae70e084b2b18f8cc9afa.jpg,organik,1
kayu-8-_jpg.rf.5f67c7da5569b1b9c069aaf89810d371.jpg,organik,1
baja-37-_jpg.rf.60f379bbb4f7acfc1a6819b67619ace1.jpg,anorganik,0
kertas-18-_jpg.rf.616ea7915b1f2d0b6d4a2b125579e349.jpg,organik,1
bungkus_makanan-30-_jpg.rf.619b6b54eeb99c4b5ce8fc384a265583.jpg,anorganik,0
kaleng-17-_jpg.rf.619b89134b2d2760ff404caebc2f463b.jpg,anorganik,0
daun-45-_jpg.rf.602d616db3cb6dc2d6d2e3fc3ca2022c.jpg,organik,1
kaca-19-_jpg.rf.613064bec87c2dff4af8e824ef096c41.jpg,anorganik,0
kaca-29-_jpg.rf.62aab73310349cfdcd121ce32fac3415.jpg,anorganik,0
baja-49-_jpg.rf.61de6e5b56d5b802061babe729206963.jpg,anorganik,0
botol_minum-45-_jpg.rf.62b774b80a4caf447e1ed24a78792f28.jpg,anorganik,0
daun-27-_jpg.rf.62a23124b7d95aef3a4c0c30d1b44afa.jpg,organik,1
kardus-10-_jpg.rf.62346b4dc18f132084234e73f8873e41.jpg,organik,1
kayu-17-_jpg.rf.62b8baa8d3acc08c239885d1bd532548.jpg,organik,1
kertas-7-_jpg.rf.63406410b2cfbc101e3820a93ebf9225.jpg,organik,1
kaleng-14-_jpg.rf.62fed6eb11e4179a3cad5fd7655afcc9.jpg,anorganik,0
daun-10-_jpg.rf.6337c702f9aa7d40909708782e5d5d89.jpg,organik,1
kaca-26-_jpg.rf.63f6481f1e50fd596bb9fb08f8e8023e.jpg,anorganik,0
bungkus_makanan-12-_jpg.rf.6429ad9caa4c9b55eb00cc91d87bbc14.jpg,anorganik,0
kaca-15-_jpg.rf.64541f348a670ee185dbe04a68f435f4.jpg,anorganik,0
kaca-6-_jpg.rf.647808559a2b5b70d5af12e6a2ea0cb2.jpg,anorganik,0
kertas-4-_jpg.rf.6500b8ef376ce6b09331f83a6050b010.jpg,organik,1
kertas-27-_jpg.rf.648dc571756cfbec26fc8c9a1ae7aae8.jpg,organik,1
kayu-45-_jpg.rf.64b5e848829fc9c7385636cd3ccd457d.jpg,organik,1
botol_minum-11-_jpg.rf.651bc477a6687d8bf27a9242bb9124b0.jpg,anorganik,0
baja-45-_jpg.rf.658fb9a38182ccbb07c8843b0399c026.jpg,anorganik,0
bungkus_makanan-49-_jpg.rf.6490d8459e212846669f13244c7d0278.jpg,anorganik,0
tissue-34-_jpg.rf.65f4b4ac54d060b98ba7de49dd868c6f.jpg,organik,1
daun-4-_jpg.rf.678ce804a90e36fbab6381520a752a48.jpg,organik,1
botol_minum-29-_jpg.rf.66d3f90b09b7747fee98f6578f451c64.jpg,anorganik,0
kaca-17-_jpg.rf.673505f63f8ca377d693933a0b9c8974.jpg,anorganik,0
kaca-12-_jpg.rf.65a7a40898edd33d58fae294892e1c69.jpg,anorganik,0
tissue-17-_jpg.rf.659e63ee478e4f7ab65a39fee805ed69.jpg,organik,1
kaca-16-_jpg.rf.678a78551e13294ff30e3055e5d3757d.jpg,anorganik,0
botol_minum-5-_jpg.rf.671656435d11ddc7701f1e23eb0e9e47.jpg,anorganik,0
kardus-42-_jpg.rf.679fc883d70203b0887032102700b34b.jpg,organik,1
kaca-43-_jpg.rf.6693175d7c9928e3320431d4e8c655ab.jpg,anorganik,0
tissue-3-_jpg.rf.67c6e2add646b81f8dcfb48b9ae6a7ce.jpg,organik,1
botol_minum-1-_jpg.rf.684e62501f7cfbb7c21564e6aff55247.jpg,anorganik,0
botol_minum-39-_jpg.rf.67eed5115e5093d114e841d021e41b58.jpg,anorganik,0
kaca-15-_jpg.rf.68a08f9f042c1da8c798908985e85544.jpg,anorganik,0
kayu-12-_jpg.rf.688997f56ddc9fc1e3a828c6c9d645ee.jpg,organik,1
kaleng-32-_jpg.rf.68abeffef68be7a839da468c8949b9bd.jpg,anorganik,0
tissue-20-_jpg.rf.688d3472a4418c595f0fc3aaf93bebc6.jpg,organik,1
kaca-48-_jpg.rf.68e920fd80ae8f5002b0d926eba20d32.jpg,anorganik,0
kardus-23-_jpg.rf.69c8d8eaa49b32705cd95a159937c1c5.jpg,organik,1
botol_minum-44-_jpg.rf.699456204efd4cb9ad9495ff1f8ae285.jpg,anorganik,0
daun-47-_jpg.rf.6903dfc64ea4621e5c5bfe02348e3d57.jpg,organik,1
botol_minum-26-_jpg.rf.69fa6a11eaf04b534952454bcc3698fb.jpg,anorganik,0
baja-26-_jpg.rf.69d6a6469833f769999428af974823e6.jpg,anorganik,0
baja-44-_jpg.rf.6a3e756bbe9a8fe1069b3c22c340e79e.jpg,anorganik,0
kaca-10-_jpg.rf.6a8ac87f74a475f4d0902e3bd6b2e612.jpg,anorganik,0
kertas-8-_jpg.rf.6a3d59445502fbb6efcfdc633cc7b813.jpg,organik,1
kardus-8-_jpg.rf.6a60e7e07b610df0082a91e680f9b14d.jpg,organik,1
bungkus_makanan-4-_jpg.rf.6b618182eb90e1b4636c5700460ffd4a.jpg,anorganik,0
kardus-26-_jpg.rf.6b86b0a94d9d153ac9b3ed33ac5335b9.jpg,organik,1
kaleng-47-_jpg.rf.6bbe8baf3df6de9fe36771a7f52f4a6c.jpg,anorganik,0
tissue-46-_jpg.rf.6b2fc8e5b68d724e064ba33f7a3b0146.jpg,organik,1
baja-49-_jpg.rf.6c10fd1932e33786781c04b732e8aa9e.jpg,anorganik,0
kayu-25-_jpg.rf.6c21578727e2f89dbb87302f9131bdb5.jpg,organik,1
kaleng-18-_jpg.rf.6a373f95229cd1b1c161621ec41a38ad.jpg,anorganik,0
kaleng-23-_jpg.rf.6b880d93b398703670e2d3fdb9ce256a.jpg,anorganik,0
kertas-8-_jpg.rf.6ff3556608e13f679e499c80a157e34e.jpg,organik,1
baja-29-_jpg.rf.6cae9b0465cafa3ef40c2ecf8f16be34.jpg,anorganik,0
kertas-26-_jpg.rf.7006a0e4c042916b1889df20fd68d862.jpg,organik,1
tissue-14-_jpg.rf.6d89db4c06f5d88bb26164222ac6b934.jpg,organik,1
botol_minum-50-_jpg.rf.7010d8bbdd4f83d50cfbf1d553ff7dca.jpg,anorganik,0
baja-20-_jpg.rf.6da2744a39c39de4ca743e8124242979.jpg,anorganik,0
tissue-8-_jpg.rf.6d150e269636ac7baade5a9a422851b6.jpg,organik,1
baja-10-_jpg.rf.6edf32d264a5322ab298c0071082ad8b.jpg,anorganik,0
kertas-32-_jpg.rf.716f45b4b709fb4412d5d3dbb3743f54.jpg,organik,1
baja-39-_jpg.rf.705f8d87faa712712f631fab1d728f03.jpg,anorganik,0
kayu-44-_jpg.rf.7106738dfaa5cd92545df2d167ca0fe8.jpg,organik,1
kayu-23-_jpg.rf.6f2e8f973d87234214f20b481cb08d71.jpg,organik,1
kayu-2-_jpg.rf.6f0a8e9af62d0bc739fdb3b6a6d49a1c.jpg,organik,1
kayu-42-_jpg.rf.6f6a88352dccf4eb7c867243953717b3.jpg,organik,1
kaca-10-_jpg.rf.7080cc0d7f8bd563aaa9223b08ff48bc.jpg,anorganik,0
kaca-39-_jpg.rf.702bfea6839443cedb76ff5f904dca7c.jpg,anorganik,0
baja-30-_jpg.rf.7027932dab0be741f0ff843ac5e14f09.jpg,anorganik,0
bungkus_makanan-5-_jpg.rf.6e3d72aeeb7ac85e3d2e76736c75a10b.jpg,anorganik,0
kayu-31-_jpg.rf.6f6290043d569d18dfdde970d8daa5d5.jpg,organik,1
bungkus_makanan-3-_jpg.rf.6da01ccc720c18a3486f6f243c3cec72.jpg,anorganik,0
kaca-44-_jpg.rf.6c32c866dd292af9aa30774ded7287ef.jpg,anorganik,0
kayu-47-_jpg.rf.6cb8f5b98639fa8a26d40a38d3db284c.jpg,organik,1
kaca-39-_jpg.rf.723eb6173a0c1a05e263e55ecb13dfa0.jpg,anorganik,0
kayu-36-_jpg.rf.705aab3c44e3da7c68734d04e6929cbf.jpg,organik,1
baja-7-_jpg.rf.6ec8b3a10e469d95e8a9d2e134b64d98.jpg,anorganik,0
baja-50-_jpg.rf.6f6ed3fadd43fabb8f1b2093a5e0870f.jpg,anorganik,0
kertas-33-_jpg.rf.728a48531000c81a473056c15f1b3e59.jpg,organik,1
kaleng-24-_jpg.rf.73b8fb18ec8eecf451b6a21a02810576.jpg,anorganik,0
daun-48-_jpg.rf.726f9124ee2b0bd0dae7dc45fab3857a.jpg,organik,1
kaca-20-_jpg.rf.7379171107f710e3189ded29d3d593c3.jpg,anorganik,0
kertas-31-_jpg.rf.74c4d447f3402405b2caf216e84fd369.jpg,organik,1
kaleng-13-_jpg.rf.74d7fb29bc375e9a9d05b700071ea0fc.jpg,anorganik,0
kayu-37-_jpg.rf.751c42157de75f99c21959a3019432fa.jpg,organik,1
bungkus_makanan-8-_jpg.rf.750eda32bd567af957f2c30d1813b35b.jpg,anorganik,0
tissue-13-_jpg.rf.747ea3278c714cdfd20515aaaaa5fbc0.jpg,organik,1
kertas-17-_jpg.rf.766102b65eeb8cefcc8a4018fde93700.jpg,organik,1
kayu-7-_jpg.rf.765e79d517b7f9cea51a61e40f0870ba.jpg,organik,1
kertas-49-_jpg.rf.779455963c9ad19013d2417da59d0ee4.jpg,organik,1
bungkus_makanan-23-_jpg.rf.77862587a23f043cee28beee064c3beb.jpg,anorganik,0
kaca-16-_jpg.rf.75705428afc6271105274ef0f16fc8c6.jpg,anorganik,0
kaleng-4-_jpg.rf.78169475e34bf28349d3d0e148dbc63a.jpg,anorganik,0
kertas-32-_jpg.rf.785c7e09de9d2402b40b8fd04547a00a.jpg,organik,1
kertas-28-_jpg.rf.7683f8cbafcb73e04db0b8c4321db2cb.jpg,organik,1
daun-26-_jpg.rf.77e48cea3b36266ee169d07f470f0a82.jpg,organik,1
kaleng-19-_jpg.rf.786a594555d033d3c3442a617a7cc2bd.jpg,anorganik,0
baja-43-_jpg.rf.78b2319698db81cbd14664c526c89400.jpg,anorganik,0
daun-50-_jpg.rf.78f72a2b84ba5191f1daf271c53fe0d4.jpg,organik,1
bungkus_makanan-45-_jpg.rf.786fbe122d94d471cfc3a8bbc7d31149.jpg,anorganik,0
daun-11-_jpg.rf.78f62e21f496ce3920e17cbd71fd5330.jpg,organik,1
baja-49-_jpg.rf.79432037b3183df3643c33a48174d12f.jpg,anorganik,0
tissue-5-_jpg.rf.7970cdc395b1edcffcc3ee953b79281d.jpg,organik,1
tissue-39-_jpg.rf.7a93a771ea5bb91093ddb869f696d6e3.jpg,organik,1
kaca-42-_jpg.rf.7c0dc1571734e0707b3c7b810bb14519.jpg,anorganik,0
kardus-1-_jpg.rf.7b5a0b9c7a728515970ae9e179f1c1e0.jpg,organik,1
botol_minum-31-_jpg.rf.7b44850bb89b6bea2cbfd3ca061e86cc.jpg,anorganik,0
kertas-7-_jpg.rf.7cff59f06b06e01943e95ae8d83802f8.jpg,organik,1
baja-16-_jpg.rf.7c7bdd5b762bc4f27b6cc2bf72f65f4e.jpg,anorganik,0
baja-31-_jpg.rf.79f705294bde6b8bd102d5eef7633e26.jpg,anorganik,0
kaca-39-_jpg.rf.79ed79b018f91ec6ec6f8c302e6bb259.jpg,anorganik,0
daun-40-_jpg.rf.7d685abe8d77f4ce09a80502cb55c5cd.jpg,organik,1
baja-29-_jpg.rf.7cee42eb9dcaef3891ccb160fa7b5d29.jpg,anorganik,0
daun-11-_jpg.rf.7d12dc93343dae8ba96e33551d5a3f57.jpg,organik,1
kardus-29-_jpg.rf.7d2f5dcd09de77965936ac4bc0019349.jpg,organik,1
daun-23-_jpg.rf.7d6c22de1ef2b86d78c0a65f36808f4f.jpg,organik,1
kaca-34-_jpg.rf.7e67d233460829e35cf37fe267a8ba41.jpg,anorganik,0
baja-45-_jpg.rf.7db73b1020fcf1c7025ee1a61463f00f.jpg,anorganik,0
kaca-44-_jpg.rf.7ee330894ea057a00d5867a199691a7f.jpg,anorganik,0
kayu-32-_jpg.rf.7f2fb6ec8c0e10413b70cb9613f5ee4a.jpg,organik,1
baja-7-_jpg.rf.7f34a11fb1c2f60afe712aa830ce1f4e.jpg,anorganik,0
botol_minum-12-_jpg.rf.7f7735f4707a8d54fc5ec5b625a74126.jpg,anorganik,0
kayu-29-_jpg.rf.7f8da6b356ac36d5ab9ade422aecc011.jpg,organik,1
baja-48-_jpg.rf.7fbe3e3f2002f574d5e49b73c5268b18.jpg,anorganik,0
kertas-33-_jpg.rf.7fdb08faa77c66cdd0656aa42575bbca.jpg,organik,1
baja-11-_jpg.rf.7fc4bcf4d5954aeec0e2af9e0ba63128.jpg,anorganik,0
kardus-35-_jpg.rf.80180f7d45c1fdc2d99eef23712a5a1b.jpg,organik,1
bungkus_makanan-38-_jpg.rf.805713c35c7417e8a586aff2a76fa814.jpg,anorganik,0
baja-34-_jpg.rf.80d8a285497739ce7a06999b5f0bc67d.jpg,anorganik,0
botol_minum-21-_jpg.rf.8210e8852724b73e3d3695b596916290.jpg,anorganik,0
kertas-40-_jpg.rf.7e1268a8f5a405653406dffc6670362e.jpg,organik,1
kardus-45-_jpg.rf.80d4c90be447e99f629f819bd0a37983.jpg,organik,1
botol_minum-41-_jpg.rf.831721633ce2a3c97bcdf8ecc0871d98.jpg,anorganik,0
kardus-32-_jpg.rf.828246a11825fc34e9e53d48a2cd37b9.jpg,organik,1
kayu-13-_jpg.rf.834e1a6250641a56e8141c916e74bf75.jpg,organik,1
botol_minum-27-_jpg.rf.83dfe83ef8bea1da670b427202d7bea4.jpg,anorganik,0
bungkus_makanan-34-_jpg.rf.840cf4d932028cf84872425f9daab7a9.jpg,anorganik,0
baja-22-_jpg.rf.836e927d9c817866d0eedea695505e24.jpg,anorganik,0
bungkus_makanan-2-_jpg.rf.83fdaf5e6d9d02eb9904ac144039651a.jpg,anorganik,0
baja-50-_jpg.rf.83d83057e81f4e71a305535a416bad17.jpg,anorganik,0
bungkus_makanan-15-_jpg.rf.84249b4e8c3e800fb2e009ba149c7bef.jpg,anorganik,0
tissue-15-_jpg.rf.847398199b420429ea064d2dc5584f67.jpg,organik,1
kaleng-35-_jpg.rf.84ff4ca0d923550af10ce7cf91e05429.jpg,anorganik,0
tissue-8-_jpg.rf.84dd4a74a930cd153ce375408f2d445c.jpg,organik,1
kayu-40-_jpg.rf.86054f1c702ae3f16bbb12397f0b1c78.jpg,organik,1
daun-13-_jpg.rf.85dea46ac757875824d18bbfde989a51.jpg,organik,1
botol_minum-18-_jpg.rf.84608a70462a1d5da8bc7e11f3130f07.jpg,anorganik,0
baja-20-_jpg.rf.86b30ea18c4caa40632c32b07becfc6c.jpg,anorganik,0
kayu-1-_jpg.rf.8688078ddb3642eeaa8df3e432a06981.jpg,organik,1
kardus-35-_jpg.rf.870b1b0e76e6d79188ad80944fdd7a86.jpg,organik,1
botol_minum-36-_jpg.rf.858792d117b7223f59cca006912bad1a.jpg,anorganik,0
tissue-39-_jpg.rf.861c9f02f054abb5349efdfc2b0d44fd.jpg,organik,1
kaca-45-_jpg.rf.87170cc1e60bfe310be36811fc93693c.jpg,anorganik,0
kertas-11-_jpg.rf.870451267445651baf22b4cdd68c4e0c.jpg,organik,1
kertas-17-_jpg.rf.8800f6d86ff589fb61611ec474d7b8b2.jpg,organik,1
kaleng-39-_jpg.rf.87f7c100b3eaa1d3c775b4725209c713.jpg,anorganik,0
kaleng-33-_jpg.rf.883d21173aa75374535ae33f47b5fac8.jpg,anorganik,0
kaca-31-_jpg.rf.886604374b8407403a2d8056c3d72cff.jpg,anorganik,0
baja-37-_jpg.rf.886c207e89e5c795029bcecc66631433.jpg,anorganik,0
kardus-20-_jpg.rf.88b26756e54b51983633295fd1ce3319.jpg,organik,1
daun-47-_jpg.rf.897b246f818bd07c1b3513d7bbea6d51.jpg,organik,1
kardus-40-_jpg.rf.896a9f802ba72edb5a36eced3c3e125f.jpg,organik,1
baja-44-_jpg.rf.8933525a93e786a77ba181d5a3c4b657.jpg,anorganik,0
kaca-23-_jpg.rf.89c3ca21cb800ed499aa4de15741b55e.jpg,anorganik,0
botol_minum-8-_jpg.rf.8981d3252d1cf4cee35eb395cc14830f.jpg,anorganik,0
kardus-49-_jpg.rf.8a888dec48cac15c7dc6a616800c6e44.jpg,organik,1
daun-4-_jpg.rf.89cdd39c1a6b1087a7e9c7b79eddd511.jpg,organik,1
kardus-23-_jpg.rf.8c3a8dbd71b1ec36122328e1d8d5ee5b.jpg,organik,1
kardus-44-_jpg.rf.89c9f9da55d11080851c4d51d7bb6f98.jpg,organik,1
bungkus_makanan-27-_jpg.rf.8a3e971c238ddc000c9248f65d22faa2.jpg,anorganik,0
tissue-43-_jpg.rf.8bec6f0ac8cf4bd149da0ead7a615bbb.jpg,organik,1
bungkus_makanan-35-_jpg.rf.8abaf4821b94dc8ffd51ccf021887fe2.jpg,anorganik,0
kayu-44-_jpg.rf.8c6d0344f0f8c6c8a8feded90c6f4415.jpg,organik,1
kayu-28-_jpg.rf.8a9ac315aebb956cc0657fbec7e9367b.jpg,organik,1
kaca-36-_jpg.rf.8b140368c90ac5024e429661fcc9e1aa.jpg,anorganik,0
tissue-2-_jpg.rf.8cd879cd62f4279514e5311740bf8569.jpg,organik,1
bungkus_makanan-19-_jpg.rf.8b20e8ef99ef0acf746a3acd33dae3af.jpg,anorganik,0
kardus-15-_jpg.rf.8e099ebe763fdabf870721a5d9b15694.jpg,organik,1
kardus-46-_jpg.rf.8dfac6a1b760465869b264265018535a.jpg,organik,1
tissue-35-_jpg.rf.8ea2325e604eced06abe2c50b426023e.jpg,organik,1
tissue-39-_jpg.rf.8dfcf767f08eaf9540affd622917df00.jpg,organik,1
kardus-15-_jpg.rf.8d7a1e3e21093e6e40e02dae48bd4053.jpg,organik,1
baja-32-_jpg.rf.8e0bc758fc2ee975ec15841bef3d297a.jpg,anorganik,0
daun-18-_jpg.rf.8d01511316513cd88f8fed68b6be4760.jpg,organik,1
tissue-20-_jpg.rf.8ed5b989abba224f89cca6c89b4b3649.jpg,organik,1
kayu-7-_jpg.rf.8f8a9b5c8bdffdf5761956cd775ac51c.jpg,organik,1
kaleng-31-_jpg.rf.8e63339d903d0a9a5d3627651aed5a67.jpg,anorganik,0
tissue-40-_jpg.rf.8fa949222424f9e4274d78cc20f2070d.jpg,organik,1
bungkus_makanan-32-_jpg.rf.8f196a7f4777aa267e6f20b4bb9a6059.jpg,anorganik,0
tissue-34-_jpg.rf.90cd78072bf60be13364f921930594a7.jpg,organik,1
botol_minum-7-_jpg.rf.90325f423ee42272697270abed9d64b5.jpg,anorganik,0
kardus-20-_jpg.rf.9083cd15c58fd72f67caa462db8dd7d9.jpg,organik,1
daun-34-_jpg.rf.90a0b646788708151d4e9306dcad8d86.jpg,organik,1
kaca-19-_jpg.rf.912c7876676b49d4658f4fcc92e30dd8.jpg,anorganik,0
daun-20-_jpg.rf.9140008f67e34db96b36ebded2ccc7c5.jpg,organik,1
bungkus_makanan-12-_jpg.rf.91d6e23c826a19a9ed39027dbb474426.jpg,anorganik,0
bungkus_makanan-20-_jpg.rf.92a3e0cdfe89f734f425fd80283236e2.jpg,anorganik,0
kayu-46-_jpg.rf.9260464e14a6239d86621138b10df5f2.jpg,organik,1
daun-25-_jpg.rf.91b01c61163f6dbfcf24493472c6225a.jpg,organik,1
baja-34-_jpg.rf.932845a608b525c2639ad6bed1af42d1.jpg,anorganik,0
kaca-2-_jpg.rf.939c49d814de8ad5c76462b32d8356d0.jpg,anorganik,0
tissue-37-_jpg.rf.943e4d7f0cd5700bdea4e91a5ef1315d.jpg,organik,1
botol_minum-11-_jpg.rf.9441a139dfd743cb1bf59c2aab061a9d.jpg,anorganik,0
baja-4-_jpg.rf.92b1387bccd23ba5a5fd4c9c1fd3c45e.jpg,anorganik,0
bungkus_makanan-27-_jpg.rf.945fc81e99a823f062a82905f49b54dc.jpg,anorganik,0
bungkus_makanan-40-_jpg.rf.94bc725b6c6023d40b231c01f087ad24.jpg,anorganik,0
botol_minum-41-_jpg.rf.9408a9a6d06f74f87882d4241e144531.jpg,anorganik,0
kertas-18-_jpg.rf.95669a685e156c8cf5a96702c8a74434.jpg,organik,1
kaleng-3-_jpg.rf.949bb899438ca0b662b4249e9b74daec.jpg,anorganik,0
baja-7-_jpg.rf.96263529244ac2ae400c7c5799dfa6fe.jpg,anorganik,0
tissue-28-_jpg.rf.94adbbb2fdcc2c8e34384a7e87ac81ef.jpg,organik,1
kardus-46-_jpg.rf.956b1b358a157c1667a93b75ec714994.jpg,organik,1
kertas-32-_jpg.rf.9641e41905d837fc24116617d180cefb.jpg,organik,1
botol_minum-29-_jpg.rf.95cdd5e1454d7b4502e81504513ae530.jpg,anorganik,0
kayu-20-_jpg.rf.96660e5185173d233d8b6d02a6a1f426.jpg,organik,1
kardus-43-_jpg.rf.967a5527cad0f05c15324c8bc72267c6.jpg,organik,1
botol_minum-25-_jpg.rf.94fac05c1f8a26d74f392aed2a02f8c0.jpg,anorganik,0
kardus-33-_jpg.rf.96da54827d15437c2b7b8c087399b9c2.jpg,organik,1
daun-6-_jpg.rf.969e1ab38a41bed13bb4ac807a36c5e4.jpg,organik,1
bungkus_makanan-20-_jpg.rf.97783deb175df65357f464ad1e18fad4.jpg,anorganik,0
bungkus_makanan-31-_jpg.rf.96d41bd4e8c91ac63e846b2082719473.jpg,anorganik,0
tissue-19-_jpg.rf.97badcc048fc32fee5371617dca73412.jpg,organik,1
bungkus_makanan-12-_jpg.rf.981dc53a2645ee29d9f76bf0d231322c.jpg,anorganik,0
bungkus_makanan-20-_jpg.rf.98bbb2bb1a1cb1a0036557085c2a0eda.jpg,anorganik,0
kardus-34-_jpg.rf.97988a76bd775f6a29d9baddba9a38ce.jpg,organik,1
kayu-10-_jpg.rf.99396f733482713624ed2c2f2cfd0871.jpg,organik,1
kaleng-40-_jpg.rf.9934be47a8151156ddb243a648ee3699.jpg,anorganik,0
bungkus_makanan-45-_jpg.rf.99379244fbaf9d2aa43ff0262ae03821.jpg,anorganik,0
kaca-14-_jpg.rf.99a4820163f3a9ad1d2180acc6d1ad1a.jpg,anorganik,0
baja-12-_jpg.rf.99a50ae04e568ec3117d683cab5dbc7a.jpg,anorganik,0
kayu-2-_jpg.rf.98fd3b069c16cf5015f531f8a9b34e80.jpg,organik,1
kaleng-21-_jpg.rf.9a08a19d19dcc5a7b3bef4e21e71f68a.jpg,anorganik,0
kayu-43-_jpg.rf.99fb64030892d83790f3211a8441bf40.jpg,organik,1
kaleng-40-_jpg.rf.9a689d3e5706190efc7be6b65745d535.jpg,anorganik,0
baja-48-_jpg.rf.9a37050d2af6b7ead612d5acf7f8e638.jpg,anorganik,0
kardus-14-_jpg.rf.9ab16d8d499df95a6aff81f03ee41b17.jpg,organik,1
kayu-44-_jpg.rf.9b1381361949c12c5370295b8620b357.jpg,organik,1
bungkus_makanan-14-_jpg.rf.9aec3c7f0328a5f823287e5e51a5b006.jpg,anorganik,0
daun-21-_jpg.rf.9b5f6e5fdb16d96cf2d3169223545a28.jpg,organik,1
tissue-9-_jpg.rf.9b0f71686860a3e15bab423d7f0f213e.jpg,organik,1
kertas-45-_jpg.rf.9b0c501811acc80a732d800f063d578c.jpg,organik,1
daun-9-_jpg.rf.9b6c3adfe76f5208b070fd4ddec0dcaf.jpg,organik,1
kardus-30-_jpg.rf.9c08863cadaefe8146466694faab7ea3.jpg,organik,1
kayu-8-_jpg.rf.9bdb2e92889ce5fb713425f1f414c1f4.jpg,organik,1
daun-45-_jpg.rf.9c34b112728cb9395c71974cecbb0971.jpg,organik,1
kaleng-42-_jpg.rf.9c10853c6b6dc7be3dd99166dc8e5f2c.jpg,anorganik,0
baja-33-_jpg.rf.9c3725f8f703cc23208330e6e6dfcb63.jpg,anorganik,0
tissue-9-_jpg.rf.9ba63127ab94feb58a3711214d1e93a5.jpg,organik,1
daun-18-_jpg.rf.9d34e90ab516713ffe88e13f365f2516.jpg,organik,1
baja-26-_jpg.rf.9cb5ab2173202b55aff015351735d7f2.jpg,anorganik,0
kayu-4-_jpg.rf.9cd0a0d0b10bfeaadf078483862bc856.jpg,organik,1
bungkus_makanan-4-_jpg.rf.9d6b55bc6302aebc78a5956be30d56e5.jpg,anorganik,0
kertas-9-_jpg.rf.9d9a0dd2cf69db182f727b44a555f829.jpg,organik,1
daun-12-_jpg.rf.9d1b2d83bed79420abc94d53d0138dfc.jpg,organik,1
daun-43-_jpg.rf.9e0407bac5782898c8032b5d348c20cf.jpg,organik,1
bungkus_makanan-47-_jpg.rf.9caa7c29ba9ae10b8cb8a7eeb4d77bd0.jpg,anorganik,0
bungkus_makanan-28-_jpg.rf.9dabbd07881964a9a12edf41aacea15c.jpg,anorganik,0
kaleng-27-_jpg.rf.9e927b92a7a3972e1782d2bf21de557b.jpg,anorganik,0
kayu-1-_jpg.rf.9e9481b359789b1ef2b88813f4d8441b.jpg,organik,1
daun-23-_jpg.rf.9e9983f2c008abb3090198ab5663ce80.jpg,organik,1
kaleng-44-_jpg.rf.9e9df8b267cbc96457674ae045327399.jpg,anorganik,0
botol_minum-24-_jpg.rf.9e99cbddad59741c79fe9238224b12a8.jpg,anorganik,0
tissue-9-_jpg.rf.9eba2e4594834dad897891bd0102224e.jpg,organik,1
kertas-29-_jpg.rf.9ec46f01d7924d81a34d036781291759.jpg,organik,1
kaleng-14-_jpg.rf.9ea4bf143b551776e11a22b4fbc0134d.jpg,anorganik,0
tissue-50-_jpg.rf.9ec3e157f7ed90901ca718d27a1f6b20.jpg,organik,1
kardus-1-_jpg.rf.9f04194890fe36fa33ae775c81ef9958.jpg,organik,1
kaleng-42-_jpg.rf.9f06b4bb8ab7df0061dfb479c8c588eb.jpg,anorganik,0
kaleng-39-_jpg.rf.9ffbde53fb07fed0fac84910c88fc59c.jpg,anorganik,0
botol_minum-26-_jpg.rf.9e18fc421e55f6d3e8b45ffb493d95d9.jpg,anorganik,0
kayu-27-_jpg.rf.9feeea055604741b80517787ab72d17f.jpg,organik,1
kayu-7-_jpg.rf.a0a3e2b358d0e2110c7484b64ad9398a.jpg,organik,1
baja-15-_jpg.rf.a10fce72cf0792a7ded355f018a7a189.jpg,anorganik,0
kayu-47-_jpg.rf.a131deb623cbad537660b612a40fbf13.jpg,organik,1
tissue-23-_jpg.rf.a1e9721325e55289c03f0fc4a4ba1b82.jpg,organik,1
daun-46-_jpg.rf.9ff0d479d926a33611f4c25ac32466ad.jpg,organik,1
kayu-27-_jpg.rf.a1da7dfb2f2b5179ec4db78c1cd2ca64.jpg,organik,1
bungkus_makanan-43-_jpg.rf.a15b03378e67802835cb8411b968ee7c.jpg,anorganik,0
kaca-49-_jpg.rf.a12a4f2763cef68ff0b6ea81fdbbf67f.jpg,anorganik,0
kaca-36-_jpg.rf.a189f2a3edfd15ca16c23cacffd4f044.jpg,anorganik,0
kardus-4-_jpg.rf.a376d9b47bf8923522cb7ff99c5e2082.jpg,organik,1
botol_minum-13-_jpg.rf.a340fa0be83d6703bde9d904c418c8e1.jpg,anorganik,0
botol_minum-8-_jpg.rf.a3aef340c29eda47087fdf9ffeeb6640.jpg,anorganik,0
kardus-9-_jpg.rf.a3c4e8ca4a7217cfd3b2f7d1807b8d98.jpg,organik,1
baja-35-_jpg.rf.a42406f21bc0305beea719c363bbb98b.jpg,anorganik,0
daun-5-_jpg.rf.a503a4324622c5cc09f3756d98a83170.jpg,organik,1
kayu-42-_jpg.rf.a3d0a64f2b3403fd9aca8ea35ebf4eaa.jpg,organik,1
daun-12-_jpg.rf.a40ac968e906b9fb1ee2fd1af35998bb.jpg,organik,1
tissue-4-_jpg.rf.a5bdb12633b1cec351db6cdf9d140726.jpg,organik,1
kayu-25-_jpg.rf.a37e62baf2a8b1e25c596508e03effa5.jpg,organik,1
daun-30-_jpg.rf.a5b8bd8940a4fc8b30bf349f89336b04.jpg,organik,1
daun-42-_jpg.rf.a6410fec56d15cde123db5c4e70747aa.jpg,organik,1
tissue-19-_jpg.rf.a5db76c452b953d02f773ac0e776c5b5.jpg,organik,1
kaleng-3-_jpg.rf.a6ef4013c7580d74cfb327b5c19a2e33.jpg,anorganik,0
tissue-24-_jpg.rf.a6d9210b1b53890957245b37dfaef212.jpg,organik,1
bungkus_makanan-34-_jpg.rf.a5ff7664934380e0bbd6d81e8ee577cf.jpg,anorganik,0
tissue-21-_jpg.rf.a3fd65a9a22f21f944b0a052d62f9400.jpg,organik,1
botol_minum-12-_jpg.rf.a7b2241fcfe80287c24d288c86450f6a.jpg,anorganik,0
tissue-47-_jpg.rf.a590d7881a286e4350d8734fb55d102b.jpg,organik,1
botol_minum-49-_jpg.rf.a85d1632e71211d052fe832382e49fa2.jpg,anorganik,0
kertas-11-_jpg.rf.a8546330642756359252f69bc80762b4.jpg,organik,1
kertas-36-_jpg.rf.a8629f2a9ea1d9eea532bbe82549ea6d.jpg,organik,1
bungkus_makanan-48-_jpg.rf.0070aaa1f22f9a9ad5e6d8b45f7e8289.jpg,anorganik,0
kaca-34-_jpg.rf.004ea6589175dbb8dae50ff7611b2562.jpg,anorganik,0
bungkus_makanan-34-_jpg.rf.0033bc617e1daca1abd1e981ef21a26c.jpg,anorganik,0
kayu-27-_jpg.rf.0114ebbc2822bf850d8ed5874a97e0eb.jpg,organik,1
kertas-35-_jpg.rf.009ecd7dfde2b7a00825ef01756adf5c.jpg,organik,1
kardus-42-_jpg.rf.014985f32c0b8c6df3d4d8c40bac97d3.jpg,organik,1
kayu-38-_jpg.rf.0136d712f24326a62c2b9ce7cec6dbbc.jpg,organik,1
baja-9-_jpg.rf.0148694e3097a99cc38cbfeea37fac41.jpg,anorganik,0
bungkus_makanan-16-_jpg.rf.018e71bbce16777264d38177063242fb.jpg,anorganik,0
tissue-2-_jpg.rf.014979419ff1fe6e5774853e8284636e.jpg,organik,1
kertas-40-_jpg.rf.0242b24d173e42635a03bf0da17e6720.jpg,organik,1
bungkus_makanan-41-_jpg.rf.019bf961fab78bcaac1cd784a5d4422f.jpg,anorganik,0
kaca-21-_jpg.rf.02eb34b5db06202d1bb9104e1983e3b0.jpg,anorganik,0
bungkus_makanan-24-_jpg.rf.015dc5470f518a02b2011885d34def1e.jpg,anorganik,0
baja-22-_jpg.rf.032ddde6216e5fdf30bec46c6e093653.jpg,anorganik,0
kardus-28-_jpg.rf.0291e217a39fdd55a31aadeb1d6ca2c0.jpg,organik,1
kaleng-13-_jpg.rf.03c305c7b81ce8001cadff9b8afc13a3.jpg,anorganik,0
baja-2-_jpg.rf.037dc73902a74305ab2b7879a398a21a.jpg,anorganik,0
kaca-20-_jpg.rf.036024dfcada66aeafd803fa84406d43.jpg,anorganik,0
baja-15-_jpg.rf.0463f2335460bfcf1adce6f0a9d7d004.jpg,anorganik,0
kayu-47-_jpg.rf.03d26e0d76e01a8acfeb3be566c6af79.jpg,organik,1
kayu-38-_jpg.rf.03cc475fcd2bf4f519584380d4fd77f5.jpg,organik,1
bungkus_makanan-32-_jpg.rf.0265d9e0d1687d895993a5325ca15e70.jpg,anorganik,0
kertas-28-_jpg.rf.04673c7a98d4cbb8b39dd5985544ffc6.jpg,organik,1
kertas-9-_jpg.rf.047621066c6c9918f6d58d1cae7c07ce.jpg,organik,1
daun-34-_jpg.rf.0646b8d6fe48b9ebee58d8ab471c473e.jpg,organik,1
tissue-48-_jpg.rf.04900df6e787e4c5ce88d80e7abb5070.jpg,organik,1
kaca-21-_jpg.rf.05af98db1cc655bc61989ffd91846c5f.jpg,anorganik,0
bungkus_makanan-8-_jpg.rf.04af676e14cd259038a0625c7adef7fc.jpg,anorganik,0
botol_minum-3-_jpg.rf.06aa7749c611b744dc4120346895643b.jpg,anorganik,0
botol_minum-36-_jpg.rf.06e552aea754455cedd02f165b89f095.jpg,anorganik,0
kardus-19-_jpg.rf.07b209acc90dd756dd56129d09bd475c.jpg,organik,1
kaleng-15-_jpg.rf.077dc7ac4cd1ab048ddbe3ffec20166e.jpg,anorganik,0
kaleng-43-_jpg.rf.09065b029c526672fb18370bf9778c1b.jpg,anorganik,0
botol_minum-21-_jpg.rf.098abe232d6a6b4f5a08c246e73c6a3d.jpg,anorganik,0
kayu-49-_jpg.rf.08a3cf3608751ba84d01faaad0d288d9.jpg,organik,1
baja-50-_jpg.rf.099914276ee92c68c4086fcd59232bff.jpg,anorganik,0
kertas-24-_jpg.rf.0a402a1880b2cc3be9c7e70214f6cb19.jpg,organik,1
kaleng-44-_jpg.rf.0aa5c2844b57d2a7731b4bb0640cf971.jpg,anorganik,0
tissue-8-_jpg.rf.0b539d5481c69e66012e9166909a907b.jpg,organik,1
tissue-1-_jpg.rf.09a262a58696ba6de7b83696680e296b.jpg,organik,1
kaleng-38-_jpg.rf.0a07b028d95e534dbbd24290f1b25fe5.jpg,anorganik,0
baja-9-_jpg.rf.0c0aba17853d098dbb9dde53b233e86a.jpg,anorganik,0
kaca-30-_jpg.rf.0ce5a5d8c8cc62389379b6cafbc179ab.jpg,anorganik,0
kertas-11-_jpg.rf.0c6e4e745284d52c4d816aeb6099a7f9.jpg,organik,1
kaca-48-_jpg.rf.0c7b54ca4b820de7e2c8a1d70d7edd26.jpg,anorganik,0
kaleng-3-_jpg.rf.0d344626e3ea8a724713db735c23902a.jpg,anorganik,0
kaleng-2-_jpg.rf.0d01439d07bd34c9252ce0574b6f97e4.jpg,anorganik,0
bungkus_makanan-2-_jpg.rf.0af52ea5dbb7b895fbcd3918ef43050b.jpg,anorganik,0
kardus-32-_jpg.rf.0c725e7200cdc4819946ef93bae575a8.jpg,organik,1
tissue-1-_jpg.rf.0d6451294b5ed43c0a310dbfc34a5a30.jpg,organik,1
kaleng-18-_jpg.rf.0e018994d575f1312efd6bc864eccdd5.jpg,anorganik,0
daun-42-_jpg.rf.0d9d11ef4feff94e5fed657c63b3e4d8.jpg,organik,1
botol_minum-29-_jpg.rf.0a782d48984741be95f94a0f94f7bf4f.jpg,anorganik,0
kaleng-41-_jpg.rf.0dfe95573d85102205acadf92a7421bb.jpg,anorganik,0
tissue-6-_jpg.rf.0b7dc96fa56ba244c32be7fcca4255f5.jpg,organik,1
kayu-15-_jpg.rf.0ec4e9e04dd786b53ceb217d504fb96a.jpg,organik,1
daun-39-_jpg.rf.0e1e46f5f075ff45aef5a9945ee26840.jpg,organik,1
bungkus_makanan-44-_jpg.rf.10108afafa1e1d26888a14bacc0ee4ab.jpg,anorganik,0
kardus-9-_jpg.rf.0dd559c5125f3687d503394929737c25.jpg,organik,1
kaca-25-_jpg.rf.0f3819a8012eafdb562aeb8328ae3462.jpg,anorganik,0
kaca-31-_jpg.rf.10360961c2a1a59ec3cd7beda7707915.jpg,anorganik,0
kaleng-13-_jpg.rf.10620674bef8f285d619cc3bc015582d.jpg,anorganik,0
kaca-13-_jpg.rf.12495144517721078cd49086456f01f3.jpg,anorganik,0
daun-27-_jpg.rf.1093cf7ddf2bb965977dd65e1f7ce18c.jpg,organik,1
daun-10-_jpg.rf.10148bc2cccaef61b8d942f563329d23.jpg,organik,1
tissue-29-_jpg.rf.10ec950a7d55c427c8f69e1efa05228b.jpg,organik,1
kayu-6-_jpg.rf.1252dbe9d738e5927a44439b3b45d1a5.jpg,organik,1
kardus-19-_jpg.rf.13e3c272754569ad88ee6e402b55234e.jpg,organik,1
bungkus_makanan-30-_jpg.rf.11081ed87cfb9c3143a9a4d1709bf91f.jpg,anorganik,0
kaca-37-_jpg.rf.133489c6eda3f8fd219b76a1f8bc9130.jpg,anorganik,0
tissue-17-_jpg.rf.128a02feb2ecbe6f0744899f65bc2f3c.jpg,organik,1
kertas-12-_jpg.rf.13320d7d21ece3dda1caca7506f5d92f.jpg,organik,1
kayu-29-_jpg.rf.131187f8eb8664c8bd166398e037a3ce.jpg,organik,1
tissue-44-_jpg.rf.1288ff9d0f5bfbfd03a089601f0a9f82.jpg,organik,1
daun-1-_jpg.rf.14470421c96272407b61d99925fe5e39.jpg,organik,1
kardus-37-_jpg.rf.14fb2b5895317831d3f9d807b321fd09.jpg,organik,1
baja-12-_jpg.rf.1288a0c8f739ad0c455012011e0f02d5.jpg,anorganik,0
kaleng-25-_jpg.rf.14e6bab16aac379da9baeddd45e00d77.jpg,anorganik,0
bungkus_makanan-2-_jpg.rf.1388f3a7f1aaacee9c748f6b7962b111.jpg,anorganik,0
kayu-30-_jpg.rf.1465eb3ea6e747e0e170ec7c7d14ca31.jpg,organik,1
kayu-13-_jpg.rf.15e30d18cb66f89464611cd2c8a6d266.jpg,organik,1
baja-30-_jpg.rf.16daa8ae7d809cba4c1e20625385880f.jpg,anorganik,0
bungkus_makanan-41-_jpg.rf.16c38dc1e74373a07f1ef2935ff7cc90.jpg,anorganik,0
kaca-27-_jpg.rf.16ddaa2fb498c22ab3d446033097ad3c.jpg,anorganik,0
kardus-46-_jpg.rf.16db3c1038b73144bcb427d7ed316a08.jpg,organik,1
botol_minum-23-_jpg.rf.171729c251927dc7c40663fa68ff2773.jpg,anorganik,0
kardus-29-_jpg.rf.178715f954f56a84d64205ed6ec48b15.jpg,organik,1
kaleng-46-_jpg.rf.17081920253fb1852cdf7cc9f05736bd.jpg,anorganik,0
baja-19-_jpg.rf.1835476bd9f733fc4be3e4c7a15ebbf0.jpg,anorganik,0
daun-47-_jpg.rf.17e7a3b5f34df02eb2ee5681f5d67244.jpg,organik,1
kaleng-38-_jpg.rf.18899409b5f8dcafd28edf23825ea924.jpg,anorganik,0
daun-18-_jpg.rf.179a8f974bee4a8fbfef4751404031b2.jpg,organik,1
baja-42-_jpg.rf.18b962b05ca3ae18f29106c4a41370bf.jpg,anorganik,0
tissue-46-_jpg.rf.1974981ed459d7476a4f7b95208815f1.jpg,organik,1
kardus-10-_jpg.rf.194ffd85e96bd866dec83b80f0174e83.jpg,organik,1
kertas-38-_jpg.rf.1a912c90b78ead643f0431660c2b2487.jpg,organik,1
kardus-18-_jpg.rf.199b2bedba520dad043a725bf92a77db.jpg,organik,1
daun-43-_jpg.rf.1a25943133e2cc67b3aa5d4cdf9423b7.jpg,organik,1
kaca-11-_jpg.rf.194f0740c43cd7612accdad11906f0a3.jpg,anorganik,0
kaca-49-_jpg.rf.1b5fe7265f909bb5a54fd5d9d93fb2c9.jpg,anorganik,0
daun-1-_jpg.rf.1ac2a251dc95e671afc7a91bebf94769.jpg,organik,1
kaca-38-_jpg.rf.1ac6929bebe94c135b90b828b38cecc6.jpg,anorganik,0
tissue-12-_jpg.rf.1b252282f21dd3025e933f19d1192a16.jpg,organik,1
kardus-26-_jpg.rf.1b9aa9a4a156b601986bddbbbfdc663b.jpg,organik,1
kaca-14-_jpg.rf.1b6470d93583953a35b62d0dea468bc7.jpg,anorganik,0
kertas-49-_jpg.rf.1bb8425a35e0296ca3a8f36fc3998f28.jpg,organik,1
kaleng-46-_jpg.rf.1c023461a1745db07ccd492ed01d8ca5.jpg,anorganik,0
kertas-47-_jpg.rf.1c3fb6e833989c72697ad4124a8e088e.jpg,organik,1
baja-4-_jpg.rf.1c77e45ab06b8e23e67300cb80d41d66.jpg,anorganik,0
kaca-8-_jpg.rf.1c9a93336c5eb800061c5082f81c92e8.jpg,anorganik,0
botol_minum-9-_jpg.rf.1c46ef1c0e03bcb4a93f5981c784cff9.jpg,anorganik,0
kardus-24-_jpg.rf.1d6a268697fd288a37aa1c1fe2709c6b.jpg,organik,1
daun-48-_jpg.rf.1d9e11a33f97e876c79b431348b5d4d7.jpg,organik,1
kardus-10-_jpg.rf.1dba09ab56faf501d5097034e15bdbd2.jpg,organik,1
daun-44-_jpg.rf.1debe7467333543ce1b8f0d7fb64882c.jpg,organik,1
baja-24-_jpg.rf.1e5cd6d0b47c9d236d7fec35f2556a38.jpg,anorganik,0
kertas-30-_jpg.rf.1cb9607a6153f5b3294109a69bd62994.jpg,organik,1
bungkus_makanan-28-_jpg.rf.1db72870e9a69e1ec03a98f83c636366.jpg,anorganik,0
kertas-38-_jpg.rf.1e800923d8bb0c737f6e5b091fded14c.jpg,organik,1
kertas-31-_jpg.rf.1e8e6e37d9bfbe508126b3c767a9d219.jpg,organik,1
kaleng-21-_jpg.rf.1f1fcbfd1922a65d7aa5c53be0462abc.jpg,anorganik,0
kaleng-24-_jpg.rf.1fb23ed559cd2c43303f8ca21bfb5f2a.jpg,anorganik,0
daun-11-_jpg.rf.1f80ee526ad72515f541b53fa30bb193.jpg,organik,1
daun-40-_jpg.rf.1f1bf2c02e02fda7bfde755e17fb25fd.jpg,organik,1
kaleng-12-_jpg.rf.1ffc3bebcd6c84d368c91e694b7f5e7f.jpg,anorganik,0
kardus-8-_jpg.rf.204c1114c528aded737e3428b34f538b.jpg,organik,1
kaca-17-_jpg.rf.203178fe439c4afe17f4fc9118d0742c.jpg,anorganik,0
botol_minum-25-_jpg.rf.207e0a2a8ad99b5aa2896f330af9e0dc.jpg,anorganik,0
kardus-50-_jpg.rf.2080599382ff1e2539e997415c293ac3.jpg,organik,1
kayu-14-_jpg.rf.2086de33961798af8987cc48b2f1dcc3.jpg,organik,1
kertas-26-_jpg.rf.20f8bdc893376d6091dddf24dcf344a9.jpg,organik,1
kardus-21-_jpg.rf.2270e45c0b6cd251affc8a9a57719e48.jpg,organik,1
botol_minum-48-_jpg.rf.2103f9c0d50073602a251b1583cf15ca.jpg,anorganik,0
bungkus_makanan-9-_jpg.rf.21e50b8b5112190790b5a30c2cefdfa9.jpg,anorganik,0
tissue-40-_jpg.rf.21d90cfdc3b302d2a6958e7aa7d5c9e8.jpg,organik,1
kaca-48-_jpg.rf.216ada85f4a3a83f02ef7be1a153ecaf.jpg,anorganik,0
botol_minum-50-_jpg.rf.22de0e62e8a91dd9dd5120610db3b2ba.jpg,anorganik,0
bungkus_makanan-18-_jpg.rf.229af45d3a7b9f1665edc366a5d1ded2.jpg,anorganik,0
kertas-48-_jpg.rf.23a3cb7d1c66d0a7d65d1bbbd2f21810.jpg,organik,1
kaleng-41-_jpg.rf.2375f1f8ce8f599d0420557bbb0de47e.jpg,anorganik,0
kardus-42-_jpg.rf.238ffc543c2f8c18deee2e3536a453e2.jpg,organik,1
kaca-2-_jpg.rf.23fa576469aa2681f5e5294925352c61.jpg,anorganik,0
kertas-5-_jpg.rf.23a7a6a04d48e86d689530d74f3a3be1.jpg,organik,1
kaca-22-_jpg.rf.252693315e33bb2711579d5769925847.jpg,anorganik,0
bungkus_makanan-43-_jpg.rf.248c66520d86d671e408f3b22909def3.jpg,anorganik,0
kardus-28-_jpg.rf.24512fa88be9389020820d18a3cc0715.jpg,organik,1
baja-23-_jpg.rf.243f20034521ef6384550488db935db1.jpg,anorganik,0
tissue-29-_jpg.rf.25bf409a7496e6d6240e6ff7e6f2ec24.jpg,organik,1
bungkus_makanan-48-_jpg.rf.255339af59c475bba576df0d948b0cf8.jpg,anorganik,0
daun-20-_jpg.rf.25afd8c79531451d4f8239bd337b4f5a.jpg,organik,1
daun-38-_jpg.rf.266fc2c694f7af16558232479232fd7a.jpg,organik,1
kaca-8-_jpg.rf.2605ab6b021c192f23aca799b6be0df9.jpg,anorganik,0
bungkus_makanan-32-_jpg.rf.25880ebacc2e85a998e5edaef5c5295e.jpg,anorganik,0
kardus-43-_jpg.rf.265cf51b5d25ece145199436ca0bb8b6.jpg,organik,1
botol_minum-41-_jpg.rf.2493d12749884157fc74d588df1cea01.jpg,anorganik,0
kaleng-21-_jpg.rf.26759070e0a38c76442edda43d7aaa86.jpg,anorganik,0
kaca-38-_jpg.rf.279c0d662c3c6460333dbaaedf080522.jpg,anorganik,0
tissue-49-_jpg.rf.27dfd3b159ef82d4fb96994e838696d8.jpg,organik,1
baja-10-_jpg.rf.27cecd0de755e9789d5b5d0acd82db04.jpg,anorganik,0
botol_minum-39-_jpg.rf.27a7ae6f2d2007048c0736ce275a1c14.jpg,anorganik,0
botol_minum-13-_jpg.rf.281f36afca2f6ab7a0cf6f23c4ee99ad.jpg,anorganik,0
daun-20-_jpg.rf.28c13de38ff8593033c8fe03237efd29.jpg,organik,1
kertas-45-_jpg.rf.2909f561e72b8f7292801bf566baf2ac.jpg,organik,1
kaleng-50-_jpg.rf.2837c09209cf48f398ece5456503bb27.jpg,anorganik,0
tissue-47-_jpg.rf.2829f553a8d8a6b6c8c9d0d1c83a12bd.jpg,organik,1
daun-1-_jpg.rf.2af2e97372ffe0c6bf5baffd49c029ae.jpg,organik,1
kaleng-32-_jpg.rf.2a186d3d03088ce48dd559f7bcdb33b5.jpg,anorganik,0
baja-34-_jpg.rf.293c60d71484f4d9dbad9779410c5874.jpg,anorganik,0
kertas-35-_jpg.rf.2af181d2c6cb09034d9eda0d187094c0.jpg,organik,1
daun-22-_jpg.rf.2a9c74c6fec143e039d220e88749506b.jpg,organik,1
botol_minum-25-_jpg.rf.2a43293977ae86a4270d46a3e18e86bd.jpg,anorganik,0
tissue-17-_jpg.rf.2b9815fe14764a36b50c4fc77bdba514.jpg,organik,1
daun-45-_jpg.rf.2b52ac8dc237f7ba8c3136deddc6ef08.jpg,organik,1
kardus-44-_jpg.rf.2b97dcb89899bff6190981f874b119c1.jpg,organik,1
bungkus_makanan-6-_jpg.rf.29c2992e03ea147d5efdf28a74e63869.jpg,anorganik,0
botol_minum-20-_jpg.rf.2ca6c433a3c1fed004684ef842964fca.jpg,anorganik,0
daun-28-_jpg.rf.2b9a7b4a7f8dd5196b2f92aa7221a268.jpg,organik,1
kaleng-38-_jpg.rf.2c7d410372dc8d452a631b33d5a630a1.jpg,anorganik,0
baja-26-_jpg.rf.2dc94f535f3ddf3158b8a870db144bd5.jpg,anorganik,0
kayu-28-_jpg.rf.2cbb0d8a08616ff4bab99d86df795679.jpg,organik,1
baja-24-_jpg.rf.2e0443fe96c7d20eea861ba50a663bfb.jpg,anorganik,0
daun-14-_jpg.rf.2d7ba0a0aaf9f7f28e21c338f1dcc3dc.jpg,organik,1
kayu-10-_jpg.rf.2f2913d77f78894cb902fe8035515c63.jpg,organik,1
botol_minum-13-_jpg.rf.2eed011b369b81743cd33a8799a0fc04.jpg,anorganik,0
kertas-33-_jpg.rf.2db08714b442fac28635f06ca72d46da.jpg,organik,1
daun-38-_jpg.rf.2c12b871bb88bb21c0ced9480befc2eb.jpg,organik,1
kaca-21-_jpg.rf.307e2121fb96459b30e5a69245e83d95.jpg,anorganik,0
kertas-7-_jpg.rf.30a00528cfbbbe694078a7d045e143d5.jpg,organik,1
tissue-3-_jpg.rf.2e0fd0f773387d733b1bf532c62d68b3.jpg,organik,1
bungkus_makanan-38-_jpg.rf.2f74508dec6be870e58bb1fbce1e37b3.jpg,anorganik,0
baja-4-_jpg.rf.2fe36e8cb198b74726eb091b07f6c2a6.jpg,anorganik,0
kayu-31-_jpg.rf.30e26a4b2287d7b2f31843f5e5db37c8.jpg,organik,1
kardus-15-_jpg.rf.2f1f2f77198c01835a65fa01a5a0b5c7.jpg,organik,1
daun-22-_jpg.rf.acdaa0106de8346658cd26a45fe3b73d.jpg,organik,1
kayu-30-_jpg.rf.b02b51e1f92de6d014c22c14d74cdc7b.jpg,organik,1
kaleng-35-_jpg.rf.abb5c42453da3556b856b415a5a4f653.jpg,anorganik,0
baja-21-_jpg.rf.ac2b0a114c4ed83e0c9c9bb52e38f906.jpg,anorganik,0
bungkus_makanan-3-_jpg.rf.a9d7456ad9de373f5ce139a433a9a7c8.jpg,anorganik,0
botol_minum-35-_jpg.rf.ab190804e23cd2ef92fcad00ef9f779f.jpg,anorganik,0
kaca-12-_jpg.rf.aded2dbc2eb583db2d5721486177c986.jpg,anorganik,0
kayu-4-_jpg.rf.ac3425d83a81b2146d25904ed1828fbb.jpg,organik,1
botol_minum-45-_jpg.rf.addedca7e2bf1b3af0b4e32645b50619.jpg,anorganik,0
baja-11-_jpg.rf.aaa4a76c804f3365322ddb92b920e48b.jpg,anorganik,0
botol_minum-36-_jpg.rf.ab4f1180bfe4a3f9246a1663258bf109.jpg,anorganik,0
tissue-23-_jpg.rf.ab64492160d598a8a1f67524a20982ff.jpg,organik,1
kaleng-2-_jpg.rf.acfd811ee21a56cac46496604e98f1a3.jpg,anorganik,0
daun-12-_jpg.rf.ae0dc39774e7aab8dfb421d52a9214c1.jpg,organik,1
kaca-20-_jpg.rf.b027fc67e24526763f0efec86e1ddda8.jpg,anorganik,0
bungkus_makanan-14-_jpg.rf.aca76e60af7275802c9ba63ee7767e50.jpg,anorganik,0
kaleng-48-_jpg.rf.aa1076036be5df0ab4755ad45408e1de.jpg,anorganik,0
botol_minum-6-_jpg.rf.afeea56ce1e885e8b212273aa630afb2.jpg,anorganik,0
kaca-25-_jpg.rf.af8f3a14736058314cd957da0924af7b.jpg,anorganik,0
baja-33-_jpg.rf.abc4a55bdb3f5c23fc5e560edb787159.jpg,anorganik,0
kaleng-39-_jpg.rf.a9cd661eb36e77efaa1f3e41b8d7a7f4.jpg,anorganik,0
botol_minum-30-_jpg.rf.aae7faaadf285efaceff703656219e85.jpg,anorganik,0
kaleng-22-_jpg.rf.b04c5e6f5fe71060f0fe9a5dbf05d802.jpg,anorganik,0
kaleng-27-_jpg.rf.b04215ac948adcf32e17c32d57bdc538.jpg,anorganik,0
kaca-43-_jpg.rf.b0f0c341f7bb69a753100e5b14150ce3.jpg,anorganik,0
kaleng-43-_jpg.rf.a87573a2515503f3767d7d658a34706e.jpg,anorganik,0
kertas-45-_jpg.rf.b1290b3a5241212d034934cce930aa57.jpg,organik,1
kaleng-19-_jpg.rf.b117feff997a72926f463a56db980fca.jpg,anorganik,0
kardus-21-_jpg.rf.acbd532791a4be16eeee34f02abfa3cc.jpg,organik,1
baja-32-_jpg.rf.b23a4c05bec52e26d58331b03b10a4f0.jpg,anorganik,0
daun-50-_jpg.rf.b2cbb08bf1562fa3b74dd240b2fca52f.jpg,organik,1
kaca-47-_jpg.rf.b2813d19caa15c1f8b8501473ee3bbcb.jpg,anorganik,0
botol_minum-31-_jpg.rf.b2d8d78e6ac7939515112e344e5a2856.jpg,anorganik,0
kardus-37-_jpg.rf.b231cbb07b52f318f6eaf3023c5eb3d8.jpg,organik,1
kardus-30-_jpg.rf.b35aca0e42fbe3c6b49d4023764507ac.jpg,organik,1
daun-38-_jpg.rf.b2ebacce91c2cd7a1329a8d77334bd8d.jpg,organik,1
baja-19-_jpg.rf.b2f4551bde10398956266ff6eff39603.jpg,anorganik,0
kayu-14-_jpg.rf.b39b1d5dc7356a3c75f6a238d8cd7072.jpg,organik,1
kaca-8-_jpg.rf.b44494ba18f8a8b24f7ca72d8b3c2e65.jpg,anorganik,0
tissue-4-_jpg.rf.b3f17b89472d9051633f64071d584766.jpg,organik,1
daun-34-_jpg.rf.b447888307e45706f12a5378aacf9b82.jpg,organik,1
kaca-34-_jpg.rf.b500813810d9dbdc0c0a3b2e8218fe6d.jpg,anorganik,0
bungkus_makanan-48-_jpg.rf.b5d57991f2b40b4e99f3b444a356ddfe.jpg,anorganik,0
kaleng-17-_jpg.rf.b6dae0d88c9e5e3697da498b0c30dc31.jpg,anorganik,0
kardus-49-_jpg.rf.b6300cbca36bcde671e1c1c6db23c40f.jpg,organik,1
kaca-36-_jpg.rf.b67703a303b720c6e5ef10a4db693ebd.jpg,anorganik,0
tissue-15-_jpg.rf.b501e24c4f258c6b479aba200b973a1b.jpg,organik,1
botol_minum-19-_jpg.rf.b731c91779a6e9c15761abb45adf55c9.jpg,anorganik,0
kaca-50-_jpg.rf.b7e54db838557712f5939eafa548757a.jpg,anorganik,0
kardus-40-_jpg.rf.b72525c2f9bf051e255cea8e9649873c.jpg,organik,1
bungkus_makanan-23-_jpg.rf.b7bd9669c0cc17aba8a4133f4e421a0e.jpg,anorganik,0
bungkus_makanan-40-_jpg.rf.b841e4040f23a8979c87f92055db5e19.jpg,anorganik,0
tissue-27-_jpg.rf.b8846e8cd5f3da2c7cc4e4096b428bc5.jpg,organik,1
kardus-1-_jpg.rf.b925494c3781888c7f2ab19dd652ffaf.jpg,organik,1
kaca-45-_jpg.rf.b989e28509fb2b33fed7924cad0a0d01.jpg,anorganik,0
kertas-39-_jpg.rf.b8efaf898915e0ee49a98ff6a3b8d0f1.jpg,organik,1
baja-29-_jpg.rf.b9d711aa8e117dd5026667f7b37e718b.jpg,anorganik,0
botol_minum-21-_jpg.rf.ba3a7c840133b949f1dbf9217ca1bbb5.jpg,anorganik,0
daun-23-_jpg.rf.ba0f6c344fb7ec8bdc90b8a2aad3761f.jpg,organik,1
kardus-33-_jpg.rf.b9bb1225028e20b0eb7e7260d6057661.jpg,organik,1
baja-18-_jpg.rf.bae4d1d1d7f4af3bf4be2a47683cb908.jpg,anorganik,0
kayu-33-_jpg.rf.bb123902ad85e3f06c88647a010f44a3.jpg,organik,1
kaleng-15-_jpg.rf.b9da04171bdfbeecc54cefc91c409099.jpg,anorganik,0
kertas-17-_jpg.rf.bb3c82cb72625ef87134430fc82c406d.jpg,organik,1
kardus-12-_jpg.rf.bae679f2c6d83ff1b97644d0126bbea7.jpg,organik,1
daun-26-_jpg.rf.baf7471f42c37f4a7614ad658b1b7477.jpg,organik,1
bungkus_makanan-49-_jpg.rf.bb86441d6a1fa085380a08137f24d53c.jpg,anorganik,0
baja-31-_jpg.rf.bb1f36f3f1c2ab0abaaaef7cec8cb040.jpg,anorganik,0
baja-22-_jpg.rf.bb485b70f7a04c05e46ef2a13ceaa064.jpg,anorganik,0
kaca-25-_jpg.rf.bba8d2dea49fb7168a6c66f10af49d04.jpg,anorganik,0
botol_minum-19-_jpg.rf.bd20db3938b3e6b4a5f9fa21f9a07dbe.jpg,anorganik,0
bungkus_makanan-43-_jpg.rf.bc971884f38c8fd21f4286b1d163a3db.jpg,anorganik,0
kardus-7-_jpg.rf.bdc05e9f372a8e6b33e4aa3ed6cb26e1.jpg,organik,1
kertas-9-_jpg.rf.bcff075dd107349d1655b6bc704480b6.jpg,organik,1
kayu-11-_jpg.rf.bcfce26cb6f4f6aad121b8b848360c5f.jpg,organik,1
daun-13-_jpg.rf.bf18eafff6554fdfc4510b1655efb3bb.jpg,organik,1
bungkus_makanan-49-_jpg.rf.bd1ac3c084418e63f87af4c34d28c4e0.jpg,anorganik,0
kayu-25-_jpg.rf.bd27bddaf48a509ce75ea9370d1c94fc.jpg,organik,1
kaca-11-_jpg.rf.bdf9f0d80a71c012b16fc8dcd8bff1ac.jpg,anorganik,0
baja-12-_jpg.rf.bf32dbfe31ef53bcddfff9e194df8b60.jpg,anorganik,0
kertas-29-_jpg.rf.be5825fffc1cf8e9799ab914331fef4c.jpg,organik,1
kayu-19-_jpg.rf.bf61e6146d9a36ae29788cabbeaf9bb2.jpg,organik,1
kertas-6-_jpg.rf.bf5c7495cdcd4023f79998229a670bee.jpg,organik,1
daun-44-_jpg.rf.c0b4a4f0f282fe25c284f77038c7fc4d.jpg,organik,1
botol_minum-23-_jpg.rf.bf8d013b5077f3165090520efeb7d980.jpg,anorganik,0
kayu-15-_jpg.rf.c12346a4c24846a7f8a31db68d866b97.jpg,organik,1
tissue-3-_jpg.rf.c0bdfb9a46fdcb1443fbf38e8a33a0f0.jpg,organik,1
kaca-30-_jpg.rf.c08f0a478d79383a9c749531b018000c.jpg,anorganik,0
tissue-2-_jpg.rf.bf72cfd052a2058ae0a10bf2d54990cb.jpg,organik,1
kaleng-8-_jpg.rf.c13cb4e2a55a3815ecc5f8d8dd51a27e.jpg,anorganik,0
botol_minum-15-_jpg.rf.c1683bbfd991c105c0f754e2b4085b2b.jpg,anorganik,0
tissue-35-_jpg.rf.c1cdfa0c84a0c3f1c25b2c3fd2881041.jpg,organik,1
kertas-24-_jpg.rf.c1644a467bb793975e26bd7c30e5ac7b.jpg,organik,1
kaca-27-_jpg.rf.c202a9541fe79237081375fcd951f6a9.jpg,anorganik,0
kayu-40-_jpg.rf.c22c7270856d46c01d8c00c53b70595d.jpg,organik,1
kardus-23-_jpg.rf.c242cd3261ab2692fb7cef5462b9ae7c.jpg,organik,1
tissue-48-_jpg.rf.c2da188da44c3001cf699b8c52ec3611.jpg,organik,1
kaca-2-_jpg.rf.c2a95425ef328b21aca5fa249cdffe4b.jpg,anorganik,0
kardus-49-_jpg.rf.c30c133d6549aa6ad2cf625dbfd521b6.jpg,organik,1
kaleng-29-_jpg.rf.c30f0379f1c8ca5b9e5648ffbebc6121.jpg,anorganik,0
daun-28-_jpg.rf.c2c06d03e1a4ee265cc9554ee0fe554e.jpg,organik,1
kayu-36-_jpg.rf.c270785cd3583a9908bc0e65317f1f95.jpg,organik,1
kardus-9-_jpg.rf.c3c0f4daca2541322747497b29b97c3f.jpg,organik,1
kertas-10-_jpg.rf.c3a88db46041f5251d549e4949a25c21.jpg,organik,1
kayu-11-_jpg.rf.c406ce4c633bc05b92aa6b2302956530.jpg,organik,1
kertas-2-_jpg.rf.c536da56559d6d76f58c6d09f0b75a18.jpg,organik,1
kertas-10-_jpg.rf.c33673ea3000726745e53cb09c225361.jpg,organik,1
kaleng-27-_jpg.rf.c50bdec0534ba3b301dffe9ccea5a8e4.jpg,anorganik,0
daun-6-_jpg.rf.c581e249f6e17d6b4781ff55eca2ca16.jpg,organik,1
botol_minum-49-_jpg.rf.c606a1990b82db37e54ed8ad1259769a.jpg,anorganik,0
botol_minum-15-_jpg.rf.c5af0d115a5e5801d2bc9426e1cd1da4.jpg,anorganik,0
daun-7-_jpg.rf.c6c947b8db512363f4dea4430c709b88.jpg,organik,1
daun-21-_jpg.rf.c75b322b8fe764ce4d02a36692d7bda6.jpg,organik,1
kayu-17-_jpg.rf.c65a9f2fe1d0cc103730975e49765c39.jpg,organik,1
kaca-42-_jpg.rf.c6ff58631232842022749ee6ee6bc1bd.jpg,anorganik,0
kaleng-2-_jpg.rf.c748606cae2d1b72fb6d8a7e854f7759.jpg,anorganik,0
kaleng-22-_jpg.rf.c770782083b15bccd7a86e061c7e4b7d.jpg,anorganik,0
kaleng-7-_jpg.rf.c867d2727ecf7b8f5f8c2f8f80ed17ef.jpg,anorganik,0
kertas-4-_jpg.rf.c7b372f9c77f9a84e5b4a5838eaf39f5.jpg,organik,1
daun-14-_jpg.rf.c948035827a9568f9c547340fe5401ab.jpg,organik,1
baja-39-_jpg.rf.c8e3e649d20c0f7a9023c66c86486a75.jpg,anorganik,0
kaca-13-_jpg.rf.caaa649842481c8ab8a20d58975b4c54.jpg,anorganik,0
daun-9-_jpg.rf.c905e69d410aa7cdaadcec7fd3b65af5.jpg,organik,1
baja-35-_jpg.rf.cacb923320b1ce4a28c27782b9035a24.jpg,anorganik,0
kaleng-46-_jpg.rf.c9bd6cd8e10acce5115590d3a18ab21d.jpg,anorganik,0
botol_minum-31-_jpg.rf.c9afad5dc296218b9dcdc6fcec81f40e.jpg,anorganik,0
kertas-49-_jpg.rf.cb65f94c05da5bac1d5670279c558c2a.jpg,organik,1
baja-2-_jpg.rf.cb921166ac07750e593066eb92f10847.jpg,anorganik,0
baja-40-_jpg.rf.cbd2e2b2f2b143d847394a75f2cad5d1.jpg,anorganik,0
kaleng-7-_jpg.rf.cad5b864303742edd3d68a23ba2758ba.jpg,anorganik,0
tissue-19-_jpg.rf.cddd2d5ec70de6df4df9484d69586d0e.jpg,organik,1
baja-15-_jpg.rf.cd6aab8692d9da636c44f03e8e964a16.jpg,anorganik,0
botol_minum-26-_jpg.rf.cc36696a2dfc61ae3dda89eb67c890c8.jpg,anorganik,0
daun-44-_jpg.rf.cd36631354bf3c36d8945c2bb794fb66.jpg,organik,1
kertas-48-_jpg.rf.cf2d1c7b420821088e5b122d7a81f644.jpg,organik,1
botol_minum-5-_jpg.rf.cdf73be7a6945927f2e56db0878cbb23.jpg,anorganik,0
kertas-40-_jpg.rf.cc3f4cdcf6184be974c195202cebc88b.jpg,organik,1
botol_minum-44-_jpg.rf.cfe7adf082cb75224423ad53ea446d05.jpg,anorganik,0
botol_minum-27-_jpg.rf.d03aee84a5f27e0f53159bf09499d802.jpg,anorganik,0
tissue-1-_jpg.rf.ceb8dea7edffdc59339643820f0bba07.jpg,organik,1
kertas-36-_jpg.rf.d06754d3e29bd72eb361241c7222fb39.jpg,organik,1
kayu-13-_jpg.rf.cdc4f9b0f71b668d91c510cdc955905e.jpg,organik,1
tissue-23-_jpg.rf.ced1051401363e02c1f1cbcb971c9b61.jpg,organik,1
kayu-20-_jpg.rf.d06ffd6927bf6511c2606bc65c6d427d.jpg,organik,1
kayu-28-_jpg.rf.d1e0f39bbe9fc3c456841bb813c20a29.jpg,organik,1
daun-21-_jpg.rf.d15104fb421f9e99f2310196fadad3a9.jpg,organik,1
tissue-13-_jpg.rf.d2397af13ffd71f36e61a27c4b7b6ef7.jpg,organik,1
kaleng-32-_jpg.rf.d2d25dadc0a0ef550054ea8828b87df9.jpg,anorganik,0
kardus-34-_jpg.rf.d222842393326fa4a98bb9f9018d71f9.jpg,organik,1
botol_minum-9-_jpg.rf.d26211d39342d519d2ff121a16662043.jpg,anorganik,0
bungkus_makanan-16-_jpg.rf.d2c52823bb2fb396bcc1458ab8c5ff22.jpg,anorganik,0
kaca-33-_jpg.rf.d2ebee4b81f46836222467878f24c65b.jpg,anorganik,0
kardus-50-_jpg.rf.d2e686e6bf0d9970a941b6c18acd7c9d.jpg,organik,1
kayu-12-_jpg.rf.d32d1780418d222dde287316f89b7cf1.jpg,organik,1
tissue-43-_jpg.rf.d38dc51966f89a5834b5a27de79cd313.jpg,organik,1
kardus-18-_jpg.rf.d33982f1a753fbe6a20f0a56a6c852e5.jpg,organik,1
kaca-17-_jpg.rf.d42aa742e2ea02c4808ad935c54c797e.jpg,anorganik,0
kaleng-35-_jpg.rf.d4b399b651b6864b4e2a8946d6fb63ad.jpg,anorganik,0
kardus-28-_jpg.rf.d4e913a9557ed40f67a743e601320155.jpg,organik,1
baja-42-_jpg.rf.d4845cc5b5b041a0d888f674abdfefea.jpg,anorganik,0
botol_minum-12-_jpg.rf.d5efa273a61ffb6a02f7629e18aaedd8.jpg,anorganik,0
daun-46-_jpg.rf.d4b9695060ad29971eebc163b696510a.jpg,organik,1
kaca-6-_jpg.rf.d6354e54bf71d5d10ccb4429d3742b4b.jpg,anorganik,0
kaca-31-_jpg.rf.d752ba96daa603d7dc5d4e429c857b67.jpg,anorganik,0
daun-10-_jpg.rf.d5957d8f31b73055d45d32dbf9f2da51.jpg,organik,1
kaleng-4-_jpg.rf.d856232a1497e39f38ae9716d3c1e170.jpg,anorganik,0
bungkus_makanan-44-_jpg.rf.d85b3320f9d56fbcc9c7c690f088ef22.jpg,anorganik,0
tissue-20-_jpg.rf.d9ed601e18b6974bdea2532edccce1d3.jpg,organik,1
kardus-7-_jpg.rf.daa0ed106922455115fdaadf6e0ffb7c.jpg,organik,1
tissue-21-_jpg.rf.daac5699f042dbfb2b2c821ba3b923a2.jpg,organik,1
kaleng-25-_jpg.rf.dcc8806e862fc01306823b6908d1201b.jpg,anorganik,0
kardus-38-_jpg.rf.dc81818f6522ba4f3ec82eb1dca7dc4c.jpg,organik,1
daun-30-_jpg.rf.dc6fc41f97716b57b9c39f565582c5cf.jpg,organik,1
kaca-38-_jpg.rf.d807562f3addc080fdcdc4ee04d09ef7.jpg,anorganik,0
kaca-12-_jpg.rf.d81186214d6305d88e0d317e5fc3f3e9.jpg,anorganik,0
tissue-6-_jpg.rf.dc361471cc7e85c17a1a9234521d0c6e.jpg,organik,1
kardus-12-_jpg.rf.d8b4f92470029fbc36276ba88144877c.jpg,organik,1
bungkus_makanan-41-_jpg.rf.dad50df78832ec9caa70c9ad4ab6f81a.jpg,anorganik,0
botol_minum-18-_jpg.rf.dcc288a6750548ac876c70a6e92ff56e.jpg,anorganik,0
kertas-12-_jpg.rf.dc89cfc249cd95fd79641242a1c2b649.jpg,organik,1
kaleng-22-_jpg.rf.dd87c81a5baf9252d635d06b83c5467a.jpg,anorganik,0
kayu-19-_jpg.rf.dd4c40d11bf2740e238ab3c0e494f1fd.jpg,organik,1
botol_minum-37-_jpg.rf.db7d61f8c22ec183d41b8e886c279847.jpg,anorganik,0
kaleng-47-_jpg.rf.de0f89c7ef54865e1e6be93f89e38238.jpg,anorganik,0
kertas-46-_jpg.rf.dd5183082fb73ef1fc006f9297573fd2.jpg,organik,1
baja-18-_jpg.rf.dd940b66a176ea0a9dfd82ea89395ada.jpg,anorganik,0
kardus-21-_jpg.rf.de947ff47976e53632376bf61b420324.jpg,organik,1
kaleng-20-_jpg.rf.debb41a650dd777141d4ce104736427a.jpg,anorganik,0
kayu-37-_jpg.rf.dd0ab90b4aec8ab293ba21809d053ce6.jpg,organik,1
kertas-26-_jpg.rf.de792476264010b77c94fe37455b9270.jpg,organik,1
tissue-21-_jpg.rf.dec0b59ec873a1b1ab63191a0f575863.jpg,organik,1
daun-39-_jpg.rf.df98540ee5cc6afb3ee3f0b298b44f0a.jpg,organik,1
kaleng-18-_jpg.rf.df04ffa5c1fb2bbdbd2d11f7ea63a1c2.jpg,anorganik,0
kayu-31-_jpg.rf.e0f363c555b40934c9f79de00c2a21cb.jpg,organik,1
tissue-34-_jpg.rf.e03f20e2964dc226d712f8e325251602.jpg,organik,1
tissue-29-_jpg.rf.dfe36baa0e94d7dc55a684c4cd04f38d.jpg,organik,1
kaleng-26-_jpg.rf.e034218152f6cefaed6547afa6871b48.jpg,anorganik,0
baja-32-_jpg.rf.e135a34877eaaad802c5b53f091b597d.jpg,anorganik,0
tissue-28-_jpg.rf.e222ccdf2d56a1f22893f89c09c4cf99.jpg,organik,1
kaleng-23-_jpg.rf.e139f22dae254c1df314f291df42f322.jpg,anorganik,0
bungkus_makanan-16-_jpg.rf.e19be448eb997089fa2f73fee721abca.jpg,anorganik,0
kaleng-36-_jpg.rf.e2e8d4b290ddf1dba21633f83ee274f4.jpg,anorganik,0
tissue-27-_jpg.rf.e23fa59af2ada0459c438e1c12f52ccf.jpg,organik,1
kayu-45-_jpg.rf.e32448c91270b66b007ff2ece80e7b80.jpg,organik,1
kardus-36-_jpg.rf.e44d8fa7d0764fd4a9cfe0d645f7bd16.jpg,organik,1
kayu-6-_jpg.rf.e37f0d6751b1464828e2f2be14055a51.jpg,organik,1
kaleng-48-_jpg.rf.e3ad72fee9eeb439bed51b990e2e2415.jpg,anorganik,0
daun-50-_jpg.rf.e36d0199ee3e012fe8d1e3148366b2ae.jpg,organik,1
kaca-33-_jpg.rf.e546221466d31051a1436db804c50a49.jpg,anorganik,0
kaca-14-_jpg.rf.e4312b7adc0189e39a875bc0ceec24e0.jpg,anorganik,0
kayu-46-_jpg.rf.e2f28501f8b9ead57163701cdfd014c9.jpg,organik,1
kayu-49-_jpg.rf.e4fc30c9c4a7a421626ef92217c4c7a9.jpg,organik,1
kayu-46-_jpg.rf.e706fbcfb8d79d4758b805f00eedf047.jpg,organik,1
kayu-32-_jpg.rf.e5cc507cb1f3429610790b3addd79dfd.jpg,organik,1
tissue-12-_jpg.rf.e63a5d3a2919dc76f241beece2001faf.jpg,organik,1
tissue-37-_jpg.rf.e65a42ae154eab5702334e6c2844f8c4.jpg,organik,1
kaca-44-_jpg.rf.e731081e4290067b8d8f83a511db1713.jpg,anorganik,0
daun-14-_jpg.rf.e5c366ba23d03810de279f5dcc7eaca0.jpg,organik,1
baja-48-_jpg.rf.e7ef83ecd108647dd86551a876d00433.jpg,anorganik,0
kardus-50-_jpg.rf.e765111b99f9efd3fe96075e2912cdb3.jpg,organik,1
kertas-48-_jpg.rf.e8507a06d652a801bab11d7aacab00c1.jpg,organik,1
kaca-37-_jpg.rf.e710ffcffa2bfd231b047a2cf2fc8e56.jpg,anorganik,0
botol_minum-6-_jpg.rf.e8731d1c9cb21a5b511ba9489493f90f.jpg,anorganik,0
tissue-27-_jpg.rf.e9454333a8e11f24ab57633c62a78c10.jpg,organik,1
tissue-40-_jpg.rf.e9ba5a2d2fbbf2fcb8357498f6fc8596.jpg,organik,1
kayu-38-_jpg.rf.e92a3b10ac103fd0b1881769024304e5.jpg,organik,1
baja-9-_jpg.rf.e912b12b05f247b397938aaade4e1231.jpg,anorganik,0
baja-23-_jpg.rf.e92503bbe432677cd33ce887e9e8804c.jpg,anorganik,0
kardus-37-_jpg.rf.ea2cb162c849b68719761a9875a3d9f8.jpg,organik,1
baja-21-_jpg.rf.ea3ba24c7e33accf327a52a10e4ff061.jpg,anorganik,0
tissue-43-_jpg.rf.ea1f0e355c0bef48030274d026c42274.jpg,organik,1
botol_minum-49-_jpg.rf.ea4241305e1a189048321ad78a7141be.jpg,anorganik,0
daun-22-_jpg.rf.ea1854bf2fa5eece1d50ced82a509a0b.jpg,organik,1
kertas-36-_jpg.rf.ea6f5abd08220a8d9370ce29fdbdf83e.jpg,organik,1
kayu-10-_jpg.rf.ea52e2735e41539f1f8dc01410cdf15a.jpg,organik,1
baja-20-_jpg.rf.eb518290112b7a8b45b938fe185a7998.jpg,anorganik,0
kardus-4-_jpg.rf.ebbcc94f89b0f8df6c1a66fd0b7c50ab.jpg,organik,1
kaleng-25-_jpg.rf.eabfe33874a9e1b8b87833a4ddd4ec9b.jpg,anorganik,0
baja-11-_jpg.rf.eabb7e64b5d405bbc20303e331187f31.jpg,anorganik,0
kardus-40-_jpg.rf.ea0253f419d4b08cb25ec7889222f81b.jpg,organik,1
kertas-39-_jpg.rf.ec036352000129e6169e30739ee40f9c.jpg,organik,1
botol_minum-11-_jpg.rf.ec732e0356bfaf1c3eb505b267262316.jpg,anorganik,0
botol_minum-19-_jpg.rf.ec5f72e9634976c4cad0af30cdc97547.jpg,anorganik,0
kayu-6-_jpg.rf.eb0658fd6cbbdea4034a7577adab0901.jpg,organik,1
daun-5-_jpg.rf.ece1e0ce42c1454599b28f1bb0fe524f.jpg,organik,1
kertas-46-_jpg.rf.ed4656c34a961fa0c27c414c899f1cd9.jpg,organik,1
kaleng-8-_jpg.rf.ed38a8209c770859c0cb71f5c39e3c22.jpg,anorganik,0
kaca-23-_jpg.rf.ec8bf851499c7c5d9e79897311d0b191.jpg,anorganik,0
kaca-47-_jpg.rf.ec1eb94ca3bd804a0dec7fd95645af2d.jpg,anorganik,0
baja-21-_jpg.rf.ed59626c14e246d31acc3544433573d9.jpg,anorganik,0